,Time,Cache_id,no,cache_occurance,cache_next
0,2020-05-22 05:55:46.378307,2,0,1,2.0
1,2020-05-22 05:58:46.378307,16,1,1,31.0
2,2020-05-22 06:01:46.378307,2,2,2,2.0
3,2020-05-22 06:04:46.378307,20,3,1,135.0
4,2020-05-22 06:07:46.378307,2,4,3,1.0
5,2020-05-22 06:10:46.378307,2,5,4,1.0
6,2020-05-22 06:13:46.378307,2,6,5,3.0
7,2020-05-22 06:16:46.378307,3,7,1,1.0
8,2020-05-22 06:19:46.378307,3,8,2,10.0
9,2020-05-22 06:22:46.378307,2,9,6,1.0
10,2020-05-22 06:25:46.378307,2,10,7,2.0
11,2020-05-22 06:28:46.378307,9,11,1,43.0
12,2020-05-22 06:31:46.378307,2,12,8,1.0
13,2020-05-22 06:34:46.378307,2,13,9,2.0
14,2020-05-22 06:37:46.378307,17,14,1,170.0
15,2020-05-22 06:40:46.378307,2,15,10,5.0
16,2020-05-22 06:43:46.378307,5,16,1,1.0
17,2020-05-22 06:46:46.378307,5,17,2,13.0
18,2020-05-22 06:49:46.378307,3,18,3,3.0
19,2020-05-22 06:52:46.378307,18,19,1,16.0
20,2020-05-22 06:55:46.378307,2,20,11,2.0
21,2020-05-22 06:58:46.378307,3,21,4,4.0
22,2020-05-22 07:01:46.378307,2,22,12,1.0
23,2020-05-22 07:04:46.378307,2,23,13,19.0
24,2020-05-22 07:07:46.378307,4,24,1,36.0
25,2020-05-22 07:10:46.378307,3,25,5,8.0
26,2020-05-22 07:13:46.378307,6,26,1,5.0
27,2020-05-22 07:16:46.378307,19,27,1,38.0
28,2020-05-22 07:19:46.378307,10,28,1,13.0
29,2020-05-22 07:22:46.378307,7,29,1,24.0
30,2020-05-22 07:25:46.378307,5,30,3,43.0
31,2020-05-22 07:28:46.378307,6,31,2,3.0
32,2020-05-22 07:31:46.378307,16,32,2,96.0
33,2020-05-22 07:34:46.378307,3,33,6,3.0
34,2020-05-22 07:37:46.378307,6,34,3,17.0
35,2020-05-22 07:40:46.378307,18,35,2,45.0
36,2020-05-22 07:43:46.378307,3,36,7,1.0
37,2020-05-22 07:46:46.378307,3,37,8,2.0
38,2020-05-22 07:49:46.378307,8,38,1,5.0
39,2020-05-22 07:52:46.378307,3,39,9,8.0
40,2020-05-22 07:55:46.378307,1,40,1,5.0
41,2020-05-22 07:58:46.378307,10,41,2,16.0
42,2020-05-22 08:01:46.378307,2,42,14,2.0
43,2020-05-22 08:04:46.378307,8,43,2,7.0
44,2020-05-22 08:07:46.378307,2,44,15,14.0
45,2020-05-22 08:10:46.378307,1,45,2,18.0
46,2020-05-22 08:13:46.378307,12,46,1,26.0
47,2020-05-22 08:16:46.378307,3,47,10,1.0
48,2020-05-22 08:19:46.378307,3,48,11,4.0
49,2020-05-22 08:22:46.378307,13,49,1,38.0
50,2020-05-22 08:25:46.378307,8,50,3,19.0
51,2020-05-22 08:28:46.378307,6,51,4,4.0
52,2020-05-22 08:31:46.378307,3,52,12,4.0
53,2020-05-22 08:34:46.378307,7,53,2,14.0
54,2020-05-22 08:37:46.378307,9,54,2,90.0
55,2020-05-22 08:40:46.378307,6,55,5,6.0
56,2020-05-22 08:43:46.378307,3,56,13,22.0
57,2020-05-22 08:46:46.378307,10,57,3,28.0
58,2020-05-22 08:49:46.378307,2,58,16,1.0
59,2020-05-22 08:52:46.378307,2,59,17,5.0
60,2020-05-22 08:55:46.378307,4,60,2,11.0
61,2020-05-22 08:58:46.378307,6,61,6,9.0
62,2020-05-22 09:01:46.378307,11,62,1,22.0
63,2020-05-22 09:04:46.378307,1,63,3,23.0
64,2020-05-22 09:07:46.378307,2,64,18,2.0
65,2020-05-22 09:10:46.378307,19,65,2,14.0
66,2020-05-22 09:13:46.378307,2,66,19,2.0
67,2020-05-22 09:16:46.378307,7,67,3,41.0
68,2020-05-22 09:19:46.378307,2,68,20,6.0
69,2020-05-22 09:22:46.378307,8,69,4,24.0
70,2020-05-22 09:25:46.378307,6,70,7,7.0
71,2020-05-22 09:28:46.378307,4,71,3,4.0
72,2020-05-22 09:31:46.378307,12,72,2,9.0
73,2020-05-22 09:34:46.378307,5,73,4,51.0
74,2020-05-22 09:37:46.378307,2,74,21,2.0
75,2020-05-22 09:40:46.378307,4,75,4,20.0
76,2020-05-22 09:43:46.378307,2,76,22,7.0
77,2020-05-22 09:46:46.378307,6,77,8,98.0
78,2020-05-22 09:49:46.378307,3,78,14,4.0
79,2020-05-22 09:52:46.378307,19,79,3,15.0
80,2020-05-22 09:55:46.378307,18,80,3,8.0
81,2020-05-22 09:58:46.378307,12,81,3,61.0
82,2020-05-22 10:01:46.378307,3,82,15,9.0
83,2020-05-22 10:04:46.378307,2,83,23,7.0
84,2020-05-22 10:07:46.378307,11,84,2,20.0
85,2020-05-22 10:10:46.378307,10,85,4,4.0
86,2020-05-22 10:13:46.378307,1,86,4,21.0
87,2020-05-22 10:16:46.378307,13,87,2,27.0
88,2020-05-22 10:19:46.378307,18,88,4,27.0
89,2020-05-22 10:22:46.378307,10,89,5,14.0
90,2020-05-22 10:25:46.378307,2,90,24,2.0
91,2020-05-22 10:28:46.378307,3,91,16,7.0
92,2020-05-22 10:31:46.378307,2,92,25,4.0
93,2020-05-22 10:34:46.378307,8,93,5,6.0
94,2020-05-22 10:37:46.378307,19,94,4,77.0
95,2020-05-22 10:40:46.378307,4,95,5,7.0
96,2020-05-22 10:43:46.378307,2,96,26,1.0
97,2020-05-22 10:46:46.378307,2,97,27,3.0
98,2020-05-22 10:49:46.378307,3,98,17,28.0
99,2020-05-22 10:52:46.378307,8,99,6,36.0
100,2020-05-22 10:55:46.378307,2,100,28,6.0
101,2020-05-22 10:58:46.378307,15,101,1,17.0
102,2020-05-22 11:01:46.378307,4,102,6,7.0
103,2020-05-22 11:04:46.378307,10,103,6,9.0
104,2020-05-22 11:07:46.378307,11,104,3,39.0
105,2020-05-22 11:10:46.378307,14,105,1,22.0
106,2020-05-22 11:13:46.378307,2,106,29,4.0
107,2020-05-22 11:16:46.378307,1,107,5,18.0
108,2020-05-22 11:19:46.378307,7,108,4,8.0
109,2020-05-22 11:22:46.378307,4,109,7,20.0
110,2020-05-22 11:25:46.378307,2,110,30,1.0
111,2020-05-22 11:28:46.378307,2,111,31,2.0
112,2020-05-22 11:31:46.378307,10,112,7,7.0
113,2020-05-22 11:34:46.378307,2,113,32,4.0
114,2020-05-22 11:37:46.378307,13,114,3,19.0
115,2020-05-22 11:40:46.378307,18,115,5,36.0
116,2020-05-22 11:43:46.378307,7,116,5,4.0
117,2020-05-22 11:46:46.378307,2,117,33,4.0
118,2020-05-22 11:49:46.378307,15,118,2,32.0
119,2020-05-22 11:52:46.378307,10,119,8,15.0
120,2020-05-22 11:55:46.378307,7,120,6,32.0
121,2020-05-22 11:58:46.378307,2,121,34,1.0
122,2020-05-22 12:01:46.378307,2,122,35,1.0
123,2020-05-22 12:04:46.378307,2,123,36,7.0
124,2020-05-22 12:07:46.378307,5,124,5,42.0
125,2020-05-22 12:10:46.378307,1,125,6,11.0
126,2020-05-22 12:13:46.378307,3,126,18,11.0
127,2020-05-22 12:16:46.378307,14,127,2,21.0
128,2020-05-22 12:19:46.378307,16,128,3,69.0
129,2020-05-22 12:22:46.378307,4,129,8,12.0
130,2020-05-22 12:25:46.378307,2,130,37,1.0
131,2020-05-22 12:28:46.378307,2,131,38,1.0
132,2020-05-22 12:31:46.378307,2,132,39,8.0
133,2020-05-22 12:34:46.378307,13,133,4,52.0
134,2020-05-22 12:37:46.378307,10,134,9,57.0
135,2020-05-22 12:40:46.378307,8,135,7,33.0
136,2020-05-22 12:43:46.378307,1,136,7,19.0
137,2020-05-22 12:46:46.378307,3,137,19,2.0
138,2020-05-22 12:49:46.378307,20,138,2,26.0
139,2020-05-22 12:52:46.378307,3,139,20,8.0
140,2020-05-22 12:55:46.378307,2,140,40,6.0
141,2020-05-22 12:58:46.378307,4,141,9,66.0
142,2020-05-22 13:01:46.378307,12,142,4,88.0
143,2020-05-22 13:04:46.378307,11,143,4,46.0
144,2020-05-22 13:07:46.378307,9,144,3,1.0
145,2020-05-22 13:10:46.378307,9,145,4,16.0
146,2020-05-22 13:13:46.378307,2,146,41,3.0
147,2020-05-22 13:16:46.378307,3,147,21,9.0
148,2020-05-22 13:19:46.378307,14,148,3,9.0
149,2020-05-22 13:22:46.378307,2,149,42,4.0
150,2020-05-22 13:25:46.378307,15,150,3,17.0
151,2020-05-22 13:28:46.378307,18,151,6,140.0
152,2020-05-22 13:31:46.378307,7,152,7,18.0
153,2020-05-22 13:34:46.378307,2,153,43,1.0
154,2020-05-22 13:37:46.378307,2,154,44,5.0
155,2020-05-22 13:40:46.378307,1,155,8,232.0
156,2020-05-22 13:43:46.378307,3,156,22,2.0
157,2020-05-22 13:46:46.378307,14,157,4,76.0
158,2020-05-22 13:49:46.378307,3,158,23,2.0
159,2020-05-22 13:52:46.378307,2,159,45,3.0
160,2020-05-22 13:55:46.378307,3,160,24,23.0
161,2020-05-22 13:58:46.378307,9,161,5,4.0
162,2020-05-22 14:01:46.378307,2,162,46,1.0
163,2020-05-22 14:04:46.378307,2,163,47,6.0
164,2020-05-22 14:07:46.378307,20,164,3,15.0
165,2020-05-22 14:10:46.378307,9,165,6,12.0
166,2020-05-22 14:13:46.378307,5,166,6,10.0
167,2020-05-22 14:16:46.378307,15,167,4,7.0
168,2020-05-22 14:19:46.378307,8,168,8,53.0
169,2020-05-22 14:22:46.378307,2,169,48,3.0
170,2020-05-22 14:25:46.378307,7,170,8,79.0
171,2020-05-22 14:28:46.378307,19,171,5,30.0
172,2020-05-22 14:31:46.378307,2,172,49,1.0
173,2020-05-22 14:34:46.378307,2,173,50,5.0
174,2020-05-22 14:37:46.378307,15,174,5,6.0
175,2020-05-22 14:40:46.378307,6,175,9,35.0
176,2020-05-22 14:43:46.378307,5,176,7,49.0
177,2020-05-22 14:46:46.378307,9,177,7,40.0
178,2020-05-22 14:49:46.378307,2,178,51,3.0
179,2020-05-22 14:52:46.378307,20,179,4,7.0
180,2020-05-22 14:55:46.378307,15,180,6,19.0
181,2020-05-22 14:58:46.378307,2,181,52,1.0
182,2020-05-22 15:01:46.378307,2,182,53,5.0
183,2020-05-22 15:04:46.378307,3,183,25,12.0
184,2020-05-22 15:07:46.378307,17,184,2,149.0
185,2020-05-22 15:10:46.378307,13,185,5,38.0
186,2020-05-22 15:13:46.378307,20,186,5,66.0
187,2020-05-22 15:16:46.378307,2,187,54,1.0
188,2020-05-22 15:19:46.378307,2,188,55,2.0
189,2020-05-22 15:22:46.378307,11,189,5,40.0
190,2020-05-22 15:25:46.378307,2,190,56,2.0
191,2020-05-22 15:28:46.378307,10,191,10,24.0
192,2020-05-22 15:31:46.378307,2,192,57,1.0
193,2020-05-22 15:34:46.378307,2,193,58,1.0
194,2020-05-22 15:37:46.378307,2,194,59,2.0
195,2020-05-22 15:40:46.378307,3,195,26,5.0
196,2020-05-22 15:43:46.378307,2,196,60,2.0
197,2020-05-22 15:46:46.378307,16,197,4,14.0
198,2020-05-22 15:49:46.378307,2,198,61,4.0
199,2020-05-22 15:52:46.378307,15,199,7,6.0
200,2020-05-22 15:55:46.378307,3,200,27,13.0
201,2020-05-22 15:58:46.378307,19,201,6,7.0
202,2020-05-22 16:01:46.378307,2,202,62,1.0
203,2020-05-22 16:04:46.378307,2,203,63,1.0
204,2020-05-22 16:07:46.378307,2,204,64,5.0
205,2020-05-22 16:10:46.378307,15,205,8,1.0
206,2020-05-22 16:13:46.378307,15,206,9,8.0
207,2020-05-22 16:16:46.378307,4,207,10,24.0
208,2020-05-22 16:19:46.378307,19,208,7,207.0
209,2020-05-22 16:22:46.378307,2,209,65,3.0
210,2020-05-22 16:25:46.378307,6,210,10,8.0
211,2020-05-22 16:28:46.378307,16,211,5,34.0
212,2020-05-22 16:31:46.378307,2,212,66,4.0
213,2020-05-22 16:34:46.378307,3,213,28,6.0
214,2020-05-22 16:37:46.378307,15,214,10,13.0
215,2020-05-22 16:40:46.378307,10,215,11,5.0
216,2020-05-22 16:43:46.378307,2,216,67,6.0
217,2020-05-22 16:46:46.378307,9,217,8,11.0
218,2020-05-22 16:49:46.378307,6,218,11,24.0
219,2020-05-22 16:52:46.378307,3,219,29,17.0
220,2020-05-22 16:55:46.378307,10,220,12,33.0
221,2020-05-22 16:58:46.378307,8,221,9,54.0
222,2020-05-22 17:01:46.378307,2,222,68,13.0
223,2020-05-22 17:04:46.378307,13,223,6,1.0
224,2020-05-22 17:07:46.378307,13,224,7,2.0
225,2020-05-22 17:10:46.378307,5,225,8,29.0
226,2020-05-22 17:13:46.378307,13,226,8,17.0
227,2020-05-22 17:16:46.378307,15,227,11,36.0
228,2020-05-22 17:19:46.378307,9,228,9,45.0
229,2020-05-22 17:22:46.378307,11,229,6,67.0
230,2020-05-22 17:25:46.378307,12,230,5,39.0
231,2020-05-22 17:28:46.378307,4,231,11,1.0
232,2020-05-22 17:31:46.378307,4,232,12,2.0
233,2020-05-22 17:34:46.378307,14,233,5,4.0
234,2020-05-22 17:37:46.378307,4,234,13,26.0
235,2020-05-22 17:40:46.378307,2,235,69,3.0
236,2020-05-22 17:43:46.378307,3,236,30,3.0
237,2020-05-22 17:46:46.378307,14,237,6,14.0
238,2020-05-22 17:49:46.378307,2,238,70,3.0
239,2020-05-22 17:52:46.378307,3,239,31,1.0
240,2020-05-22 17:55:46.378307,3,240,32,15.0
241,2020-05-22 17:58:46.378307,2,241,71,3.0
242,2020-05-22 18:01:46.378307,6,242,12,4.0
243,2020-05-22 18:04:46.378307,13,243,9,25.0
244,2020-05-22 18:07:46.378307,2,244,72,3.0
245,2020-05-22 18:10:46.378307,16,245,6,82.0
246,2020-05-22 18:13:46.378307,6,246,13,2.0
247,2020-05-22 18:16:46.378307,2,247,73,3.0
248,2020-05-22 18:19:46.378307,6,248,14,13.0
249,2020-05-22 18:22:46.378307,7,249,9,46.0
250,2020-05-22 18:25:46.378307,2,250,74,7.0
251,2020-05-22 18:28:46.378307,14,251,7,33.0
252,2020-05-22 18:31:46.378307,20,252,6,77.0
253,2020-05-22 18:34:46.378307,10,253,13,59.0
254,2020-05-22 18:37:46.378307,5,254,9,2.0
255,2020-05-22 18:40:46.378307,3,255,33,19.0
256,2020-05-22 18:43:46.378307,5,256,10,64.0
257,2020-05-22 18:46:46.378307,2,257,75,1.0
258,2020-05-22 18:49:46.378307,2,258,76,1.0
259,2020-05-22 18:52:46.378307,2,259,77,3.0
260,2020-05-22 18:55:46.378307,4,260,14,5.0
261,2020-05-22 18:58:46.378307,6,261,15,45.0
262,2020-05-22 19:01:46.378307,2,262,78,2.0
263,2020-05-22 19:04:46.378307,15,263,12,27.0
264,2020-05-22 19:07:46.378307,2,264,79,3.0
265,2020-05-22 19:10:46.378307,4,265,15,1.0
266,2020-05-22 19:13:46.378307,4,266,16,5.0
267,2020-05-22 19:16:46.378307,2,267,80,3.0
268,2020-05-22 19:19:46.378307,13,268,10,30.0
269,2020-05-22 19:22:46.378307,12,269,6,17.0
270,2020-05-22 19:25:46.378307,2,270,81,10.0
271,2020-05-22 19:28:46.378307,4,271,17,1.0
272,2020-05-22 19:31:46.378307,4,272,18,9.0
273,2020-05-22 19:34:46.378307,9,273,10,21.0
274,2020-05-22 19:37:46.378307,3,274,34,2.0
275,2020-05-22 19:40:46.378307,8,275,10,2.0
276,2020-05-22 19:43:46.378307,3,276,35,2.0
277,2020-05-22 19:46:46.378307,8,277,11,40.0
278,2020-05-22 19:49:46.378307,3,278,36,1.0
279,2020-05-22 19:52:46.378307,3,279,37,8.0
280,2020-05-22 19:55:46.378307,2,280,82,3.0
281,2020-05-22 19:58:46.378307,4,281,19,1.0
282,2020-05-22 20:01:46.378307,4,282,20,31.0
283,2020-05-22 20:04:46.378307,2,283,83,2.0
284,2020-05-22 20:07:46.378307,14,284,8,25.0
285,2020-05-22 20:10:46.378307,2,285,84,3.0
286,2020-05-22 20:13:46.378307,12,286,7,198.0
287,2020-05-22 20:16:46.378307,3,287,38,12.0
288,2020-05-22 20:19:46.378307,2,288,85,1.0
289,2020-05-22 20:22:46.378307,2,289,86,3.0
290,2020-05-22 20:25:46.378307,15,290,13,81.0
291,2020-05-22 20:28:46.378307,18,291,7,87.0
292,2020-05-22 20:31:46.378307,2,292,87,1.0
293,2020-05-22 20:34:46.378307,2,293,88,4.0
294,2020-05-22 20:37:46.378307,9,294,11,16.0
295,2020-05-22 20:40:46.378307,7,295,10,19.0
296,2020-05-22 20:43:46.378307,11,296,7,49.0
297,2020-05-22 20:46:46.378307,2,297,89,3.0
298,2020-05-22 20:49:46.378307,13,298,11,40.0
299,2020-05-22 20:52:46.378307,3,299,39,19.0
300,2020-05-22 20:55:46.378307,2,300,90,1.0
301,2020-05-22 20:58:46.378307,2,301,91,1.0
302,2020-05-22 21:01:46.378307,2,302,92,1.0
303,2020-05-22 21:04:46.378307,2,303,93,1.0
304,2020-05-22 21:07:46.378307,2,304,94,1.0
305,2020-05-22 21:10:46.378307,2,305,95,2.0
306,2020-05-22 21:13:46.378307,6,306,16,16.0
307,2020-05-22 21:16:46.378307,2,307,96,1.0
308,2020-05-22 21:19:46.378307,2,308,97,3.0
309,2020-05-22 21:22:46.378307,14,309,9,10.0
310,2020-05-22 21:25:46.378307,9,310,12,5.0
311,2020-05-22 21:28:46.378307,2,311,98,5.0
312,2020-05-22 21:31:46.378307,10,312,14,31.0
313,2020-05-22 21:34:46.378307,4,313,21,10.0
314,2020-05-22 21:37:46.378307,7,314,11,21.0
315,2020-05-22 21:40:46.378307,9,315,13,21.0
316,2020-05-22 21:43:46.378307,2,316,99,5.0
317,2020-05-22 21:46:46.378307,8,317,12,58.0
318,2020-05-22 21:49:46.378307,3,318,40,7.0
319,2020-05-22 21:52:46.378307,14,319,10,99.0
320,2020-05-22 21:55:46.378307,5,320,11,20.0
321,2020-05-22 21:58:46.378307,2,321,100,9.0
322,2020-05-22 22:01:46.378307,6,322,17,46.0
323,2020-05-22 22:04:46.378307,4,323,22,1.0
324,2020-05-22 22:07:46.378307,4,324,23,4.0
325,2020-05-22 22:10:46.378307,3,325,41,1.0
326,2020-05-22 22:13:46.378307,3,326,42,15.0
327,2020-05-22 22:16:46.378307,16,327,7,28.0
328,2020-05-22 22:19:46.378307,4,328,24,4.0
329,2020-05-22 22:22:46.378307,20,329,7,5.0
330,2020-05-22 22:25:46.378307,2,330,101,1.0
331,2020-05-22 22:28:46.378307,2,331,102,6.0
332,2020-05-22 22:31:46.378307,4,332,25,28.0
333,2020-05-22 22:34:46.378307,17,333,3,73.0
334,2020-05-22 22:37:46.378307,20,334,8,157.0
335,2020-05-22 22:40:46.378307,7,335,12,17.0
336,2020-05-22 22:43:46.378307,9,336,14,107.0
337,2020-05-22 22:46:46.378307,2,337,103,2.0
338,2020-05-22 22:49:46.378307,13,338,12,16.0
339,2020-05-22 22:52:46.378307,2,339,104,7.0
340,2020-05-22 22:55:46.378307,5,340,12,4.0
341,2020-05-22 22:58:46.378307,3,341,43,1.0
342,2020-05-22 23:01:46.378307,3,342,44,6.0
343,2020-05-22 23:04:46.378307,10,343,15,6.0
344,2020-05-22 23:07:46.378307,5,344,13,3.0
345,2020-05-22 23:10:46.378307,11,345,8,13.0
346,2020-05-22 23:13:46.378307,2,346,105,7.0
347,2020-05-22 23:16:46.378307,5,347,14,14.0
348,2020-05-22 23:19:46.378307,3,348,45,2.0
349,2020-05-22 23:22:46.378307,10,349,16,7.0
350,2020-05-22 23:25:46.378307,3,350,46,1.0
351,2020-05-22 23:28:46.378307,3,351,47,6.0
352,2020-05-22 23:31:46.378307,7,352,13,36.0
353,2020-05-22 23:34:46.378307,2,353,106,9.0
354,2020-05-22 23:37:46.378307,13,354,13,70.0
355,2020-05-22 23:40:46.378307,16,355,8,21.0
356,2020-05-22 23:43:46.378307,10,356,17,3.0
357,2020-05-22 23:46:46.378307,3,357,48,9.0
358,2020-05-22 23:49:46.378307,11,358,9,5.0
359,2020-05-22 23:52:46.378307,10,359,18,5.0
360,2020-05-22 23:55:46.378307,4,360,26,14.0
361,2020-05-22 23:58:46.378307,5,361,15,12.0
362,2020-05-23 00:01:46.378307,2,362,107,3.0
363,2020-05-23 00:04:46.378307,11,363,10,23.0
364,2020-05-23 00:07:46.378307,10,364,19,5.0
365,2020-05-23 00:10:46.378307,2,365,108,2.0
366,2020-05-23 00:13:46.378307,3,366,49,11.0
367,2020-05-23 00:16:46.378307,2,367,109,3.0
368,2020-05-23 00:19:46.378307,6,368,18,4.0
369,2020-05-23 00:22:46.378307,10,369,20,66.0
370,2020-05-23 00:25:46.378307,2,370,110,9.0
371,2020-05-23 00:28:46.378307,15,371,14,11.0
372,2020-05-23 00:31:46.378307,6,372,19,9.0
373,2020-05-23 00:34:46.378307,5,373,16,19.0
374,2020-05-23 00:37:46.378307,4,374,27,9.0
375,2020-05-23 00:40:46.378307,8,375,13,28.0
376,2020-05-23 00:43:46.378307,16,376,9,4.0
377,2020-05-23 00:46:46.378307,3,377,50,17.0
378,2020-05-23 00:49:46.378307,18,378,8,52.0
379,2020-05-23 00:52:46.378307,2,379,111,6.0
380,2020-05-23 00:55:46.378307,16,380,10,106.0
381,2020-05-23 00:58:46.378307,6,381,20,28.0
382,2020-05-23 01:01:46.378307,15,382,15,54.0
383,2020-05-23 01:04:46.378307,4,383,28,1.0
384,2020-05-23 01:07:46.378307,4,384,29,20.0
385,2020-05-23 01:10:46.378307,2,385,112,4.0
386,2020-05-23 01:13:46.378307,11,386,11,69.0
387,2020-05-23 01:16:46.378307,1,387,9,23.0
388,2020-05-23 01:19:46.378307,7,388,14,19.0
389,2020-05-23 01:22:46.378307,2,389,113,1.0
390,2020-05-23 01:25:46.378307,2,390,114,1.0
391,2020-05-23 01:28:46.378307,2,391,115,2.0
392,2020-05-23 01:31:46.378307,5,392,17,3.0
393,2020-05-23 01:34:46.378307,2,393,116,3.0
394,2020-05-23 01:37:46.378307,3,394,51,4.0
395,2020-05-23 01:40:46.378307,5,395,18,16.0
396,2020-05-23 01:43:46.378307,2,396,117,1.0
397,2020-05-23 01:46:46.378307,2,397,118,4.0
398,2020-05-23 01:49:46.378307,3,398,52,1.0
399,2020-05-23 01:52:46.378307,3,399,53,1.0
400,2020-05-23 01:55:46.378307,3,400,54,17.0
401,2020-05-23 01:58:46.378307,2,401,119,1.0
402,2020-05-23 02:01:46.378307,2,402,120,3.0
403,2020-05-23 02:04:46.378307,8,403,14,36.0
404,2020-05-23 02:07:46.378307,4,404,30,8.0
405,2020-05-23 02:10:46.378307,2,405,121,3.0
406,2020-05-23 02:13:46.378307,17,406,4,19.0
407,2020-05-23 02:16:46.378307,7,407,15,24.0
408,2020-05-23 02:19:46.378307,2,408,122,6.0
409,2020-05-23 02:22:46.378307,6,409,21,12.0
410,2020-05-23 02:25:46.378307,1,410,10,3.0
411,2020-05-23 02:28:46.378307,5,411,19,16.0
412,2020-05-23 02:31:46.378307,4,412,31,34.0
413,2020-05-23 02:34:46.378307,1,413,11,93.0
414,2020-05-23 02:37:46.378307,2,414,123,2.0
415,2020-05-23 02:40:46.378307,19,415,8,8.0
416,2020-05-23 02:43:46.378307,2,416,124,3.0
417,2020-05-23 02:46:46.378307,3,417,55,5.0
418,2020-05-23 02:49:46.378307,14,418,11,47.0
419,2020-05-23 02:52:46.378307,2,419,125,1.0
420,2020-05-23 02:55:46.378307,2,420,126,8.0
421,2020-05-23 02:58:46.378307,6,421,22,5.0
422,2020-05-23 03:01:46.378307,3,422,56,7.0
423,2020-05-23 03:04:46.378307,19,423,9,29.0
424,2020-05-23 03:07:46.378307,13,424,14,76.0
425,2020-05-23 03:10:46.378307,17,425,5,23.0
426,2020-05-23 03:13:46.378307,6,426,23,12.0
427,2020-05-23 03:16:46.378307,5,427,20,14.0
428,2020-05-23 03:19:46.378307,2,428,127,4.0
429,2020-05-23 03:22:46.378307,3,429,57,8.0
430,2020-05-23 03:25:46.378307,18,430,9,72.0
431,2020-05-23 03:28:46.378307,7,431,16,3.0
432,2020-05-23 03:31:46.378307,2,432,128,1.0
433,2020-05-23 03:34:46.378307,2,433,129,7.0
434,2020-05-23 03:37:46.378307,7,434,17,20.0
435,2020-05-23 03:40:46.378307,10,435,21,42.0
436,2020-05-23 03:43:46.378307,15,436,16,13.0
437,2020-05-23 03:46:46.378307,3,437,58,7.0
438,2020-05-23 03:49:46.378307,6,438,24,26.0
439,2020-05-23 03:52:46.378307,8,439,15,11.0
440,2020-05-23 03:55:46.378307,2,440,130,2.0
441,2020-05-23 03:58:46.378307,5,441,21,4.0
442,2020-05-23 04:01:46.378307,2,442,131,5.0
443,2020-05-23 04:04:46.378307,9,443,15,14.0
444,2020-05-23 04:07:46.378307,3,444,59,25.0
445,2020-05-23 04:10:46.378307,5,445,22,17.0
446,2020-05-23 04:13:46.378307,4,446,32,5.0
447,2020-05-23 04:16:46.378307,2,447,132,6.0
448,2020-05-23 04:19:46.378307,17,448,6,27.0
449,2020-05-23 04:22:46.378307,15,449,17,41.0
450,2020-05-23 04:25:46.378307,8,450,16,138.0
451,2020-05-23 04:28:46.378307,4,451,33,5.0
452,2020-05-23 04:31:46.378307,19,452,10,148.0
453,2020-05-23 04:34:46.378307,2,453,133,6.0
454,2020-05-23 04:37:46.378307,7,454,18,34.0
455,2020-05-23 04:40:46.378307,11,455,12,63.0
456,2020-05-23 04:43:46.378307,4,456,34,2.0
457,2020-05-23 04:46:46.378307,9,457,16,38.0
458,2020-05-23 04:49:46.378307,4,458,35,3.0
459,2020-05-23 04:52:46.378307,2,459,134,1.0
460,2020-05-23 04:55:46.378307,2,460,135,3.0
461,2020-05-23 04:58:46.378307,4,461,36,5.0
462,2020-05-23 05:01:46.378307,5,462,23,18.0
463,2020-05-23 05:04:46.378307,2,463,136,4.0
464,2020-05-23 05:07:46.378307,6,464,25,9.0
465,2020-05-23 05:10:46.378307,14,465,12,44.0
466,2020-05-23 05:13:46.378307,4,466,37,13.0
467,2020-05-23 05:16:46.378307,2,467,137,1.0
468,2020-05-23 05:19:46.378307,2,468,138,2.0
469,2020-05-23 05:22:46.378307,3,469,60,3.0
470,2020-05-23 05:25:46.378307,2,470,139,1.0
471,2020-05-23 05:28:46.378307,2,471,140,3.0
472,2020-05-23 05:31:46.378307,3,472,61,6.0
473,2020-05-23 05:34:46.378307,6,473,26,30.0
474,2020-05-23 05:37:46.378307,2,474,141,2.0
475,2020-05-23 05:40:46.378307,17,475,7,14.0
476,2020-05-23 05:43:46.378307,2,476,142,7.0
477,2020-05-23 05:46:46.378307,10,477,22,30.0
478,2020-05-23 05:49:46.378307,3,478,62,4.0
479,2020-05-23 05:52:46.378307,4,479,38,2.0
480,2020-05-23 05:55:46.378307,5,480,24,42.0
481,2020-05-23 05:58:46.378307,4,481,39,13.0
482,2020-05-23 06:01:46.378307,3,482,63,17.0
483,2020-05-23 06:04:46.378307,2,483,143,2.0
484,2020-05-23 06:07:46.378307,12,484,8,8.0
485,2020-05-23 06:10:46.378307,2,485,144,2.0
486,2020-05-23 06:13:46.378307,16,486,11,121.0
487,2020-05-23 06:16:46.378307,2,487,145,6.0
488,2020-05-23 06:19:46.378307,7,488,19,17.0
489,2020-05-23 06:22:46.378307,17,489,8,25.0
490,2020-05-23 06:25:46.378307,15,490,18,22.0
491,2020-05-23 06:28:46.378307,20,491,9,20.0
492,2020-05-23 06:31:46.378307,12,492,9,92.0
493,2020-05-23 06:34:46.378307,2,493,146,3.0
494,2020-05-23 06:37:46.378307,4,494,40,23.0
495,2020-05-23 06:40:46.378307,9,495,17,21.0
496,2020-05-23 06:43:46.378307,2,496,147,1.0
497,2020-05-23 06:46:46.378307,2,497,148,1.0
498,2020-05-23 06:49:46.378307,2,498,149,3.0
499,2020-05-23 06:52:46.378307,3,499,64,5.0
500,2020-05-23 06:55:46.378307,13,500,15,35.0
501,2020-05-23 06:58:46.378307,2,501,150,9.0
502,2020-05-23 07:01:46.378307,18,502,10,6.0
503,2020-05-23 07:04:46.378307,6,503,27,46.0
504,2020-05-23 07:07:46.378307,3,504,65,16.0
505,2020-05-23 07:10:46.378307,7,505,20,23.0
506,2020-05-23 07:13:46.378307,1,506,12,85.0
507,2020-05-23 07:16:46.378307,10,507,23,12.0
508,2020-05-23 07:19:46.378307,18,508,11,36.0
509,2020-05-23 07:22:46.378307,14,509,13,23.0
510,2020-05-23 07:25:46.378307,2,510,151,3.0
511,2020-05-23 07:28:46.378307,20,511,10,44.0
512,2020-05-23 07:31:46.378307,15,512,19,24.0
513,2020-05-23 07:34:46.378307,2,513,152,2.0
514,2020-05-23 07:37:46.378307,17,514,9,13.0
515,2020-05-23 07:40:46.378307,2,515,153,6.0
516,2020-05-23 07:43:46.378307,9,516,18,41.0
517,2020-05-23 07:46:46.378307,4,517,41,23.0
518,2020-05-23 07:49:46.378307,11,518,13,28.0
519,2020-05-23 07:52:46.378307,10,519,24,51.0
520,2020-05-23 07:55:46.378307,3,520,66,3.0
521,2020-05-23 07:58:46.378307,2,521,154,8.0
522,2020-05-23 08:01:46.378307,5,522,25,21.0
523,2020-05-23 08:04:46.378307,3,523,67,1.0
524,2020-05-23 08:07:46.378307,3,524,68,1.0
525,2020-05-23 08:10:46.378307,3,525,69,1.0
526,2020-05-23 08:13:46.378307,3,526,70,5.0
527,2020-05-23 08:16:46.378307,17,527,10,3.0
528,2020-05-23 08:19:46.378307,7,528,21,45.0
529,2020-05-23 08:22:46.378307,2,529,155,4.0
530,2020-05-23 08:25:46.378307,17,530,11,39.0
531,2020-05-23 08:28:46.378307,3,531,71,6.0
532,2020-05-23 08:31:46.378307,14,532,14,67.0
533,2020-05-23 08:34:46.378307,2,533,156,1.0
534,2020-05-23 08:37:46.378307,2,534,157,11.0
535,2020-05-23 08:40:46.378307,13,535,16,55.0
536,2020-05-23 08:43:46.378307,15,536,20,20.0
537,2020-05-23 08:46:46.378307,3,537,72,1.0
538,2020-05-23 08:49:46.378307,3,538,73,1.0
539,2020-05-23 08:52:46.378307,3,539,74,2.0
540,2020-05-23 08:55:46.378307,4,540,42,11.0
541,2020-05-23 08:58:46.378307,3,541,75,1.0
542,2020-05-23 09:01:46.378307,3,542,76,6.0
543,2020-05-23 09:04:46.378307,5,543,26,21.0
544,2020-05-23 09:07:46.378307,18,544,12,68.0
545,2020-05-23 09:10:46.378307,2,545,158,2.0
546,2020-05-23 09:13:46.378307,11,546,14,4.0
547,2020-05-23 09:16:46.378307,2,547,159,5.0
548,2020-05-23 09:19:46.378307,3,548,77,11.0
549,2020-05-23 09:22:46.378307,6,549,28,14.0
550,2020-05-23 09:25:46.378307,11,550,15,10.0
551,2020-05-23 09:28:46.378307,4,551,43,44.0
552,2020-05-23 09:31:46.378307,2,552,160,1.0
553,2020-05-23 09:34:46.378307,2,553,161,1.0
554,2020-05-23 09:37:46.378307,2,554,162,7.0
555,2020-05-23 09:40:46.378307,20,555,11,19.0
556,2020-05-23 09:43:46.378307,15,556,21,2.0
557,2020-05-23 09:46:46.378307,9,557,19,21.0
558,2020-05-23 09:49:46.378307,15,558,22,92.0
559,2020-05-23 09:52:46.378307,3,559,78,16.0
560,2020-05-23 09:55:46.378307,11,560,16,36.0
561,2020-05-23 09:58:46.378307,2,561,163,1.0
562,2020-05-23 10:01:46.378307,2,562,164,3.0
563,2020-05-23 10:04:46.378307,6,563,29,3.0
564,2020-05-23 10:07:46.378307,5,564,27,17.0
565,2020-05-23 10:10:46.378307,2,565,165,3.0
566,2020-05-23 10:13:46.378307,6,566,30,1.0
567,2020-05-23 10:16:46.378307,6,567,31,26.0
568,2020-05-23 10:19:46.378307,2,568,166,3.0
569,2020-05-23 10:22:46.378307,17,569,12,139.0
570,2020-05-23 10:25:46.378307,10,570,25,85.0
571,2020-05-23 10:28:46.378307,2,571,167,1.0
572,2020-05-23 10:31:46.378307,2,572,168,5.0
573,2020-05-23 10:34:46.378307,7,573,22,9.0
574,2020-05-23 10:37:46.378307,20,574,12,40.0
575,2020-05-23 10:40:46.378307,3,575,79,1.0
576,2020-05-23 10:43:46.378307,3,576,80,10.0
577,2020-05-23 10:46:46.378307,2,577,169,2.0
578,2020-05-23 10:49:46.378307,9,578,20,58.0
579,2020-05-23 10:52:46.378307,2,579,170,1.0
580,2020-05-23 10:55:46.378307,2,580,171,7.0
581,2020-05-23 10:58:46.378307,5,581,28,4.0
582,2020-05-23 11:01:46.378307,7,582,23,1.0
583,2020-05-23 11:04:46.378307,7,583,24,9.0
584,2020-05-23 11:07:46.378307,12,584,10,10.0
585,2020-05-23 11:10:46.378307,5,585,29,4.0
586,2020-05-23 11:13:46.378307,3,586,81,20.0
587,2020-05-23 11:16:46.378307,2,587,172,14.0
588,2020-05-23 11:19:46.378307,8,588,17,9.0
589,2020-05-23 11:22:46.378307,5,589,30,14.0
590,2020-05-23 11:25:46.378307,13,590,17,26.0
591,2020-05-23 11:28:46.378307,1,591,13,46.0
592,2020-05-23 11:31:46.378307,7,592,25,48.0
593,2020-05-23 11:34:46.378307,6,593,32,11.0
594,2020-05-23 11:37:46.378307,12,594,11,4.0
595,2020-05-23 11:40:46.378307,4,595,44,20.0
596,2020-05-23 11:43:46.378307,11,596,17,57.0
597,2020-05-23 11:46:46.378307,8,597,18,28.0
598,2020-05-23 11:49:46.378307,12,598,12,73.0
599,2020-05-23 11:52:46.378307,14,599,15,9.0
600,2020-05-23 11:55:46.378307,19,600,11,26.0
601,2020-05-23 11:58:46.378307,2,601,173,1.0
602,2020-05-23 12:01:46.378307,2,602,174,3.0
603,2020-05-23 12:04:46.378307,5,603,31,17.0
604,2020-05-23 12:07:46.378307,6,604,33,40.0
605,2020-05-23 12:10:46.378307,2,605,175,4.0
606,2020-05-23 12:13:46.378307,3,606,82,7.0
607,2020-05-23 12:16:46.378307,16,607,12,17.0
608,2020-05-23 12:19:46.378307,14,608,16,54.0
609,2020-05-23 12:22:46.378307,2,609,176,1.0
610,2020-05-23 12:25:46.378307,2,610,177,1.0
611,2020-05-23 12:28:46.378307,2,611,178,6.0
612,2020-05-23 12:31:46.378307,18,612,13,49.0
613,2020-05-23 12:34:46.378307,3,613,83,5.0
614,2020-05-23 12:37:46.378307,20,614,13,97.0
615,2020-05-23 12:40:46.378307,4,615,45,13.0
616,2020-05-23 12:43:46.378307,13,616,18,5.0
617,2020-05-23 12:46:46.378307,2,617,179,2.0
618,2020-05-23 12:49:46.378307,3,618,84,17.0
619,2020-05-23 12:52:46.378307,2,619,180,3.0
620,2020-05-23 12:55:46.378307,5,620,32,3.0
621,2020-05-23 12:58:46.378307,13,621,19,67.0
622,2020-05-23 13:01:46.378307,2,622,181,5.0
623,2020-05-23 13:04:46.378307,5,623,33,18.0
624,2020-05-23 13:07:46.378307,16,624,13,24.0
625,2020-05-23 13:10:46.378307,8,625,19,34.0
626,2020-05-23 13:13:46.378307,19,626,12,71.0
627,2020-05-23 13:16:46.378307,2,627,182,2.0
628,2020-05-23 13:19:46.378307,4,628,46,4.0
629,2020-05-23 13:22:46.378307,2,629,183,1.0
630,2020-05-23 13:25:46.378307,2,630,184,1.0
631,2020-05-23 13:28:46.378307,2,631,185,2.0
632,2020-05-23 13:31:46.378307,4,632,47,7.0
633,2020-05-23 13:34:46.378307,2,633,186,1.0
634,2020-05-23 13:37:46.378307,2,634,187,4.0
635,2020-05-23 13:40:46.378307,3,635,85,10.0
636,2020-05-23 13:43:46.378307,9,636,21,43.0
637,2020-05-23 13:46:46.378307,1,637,14,21.0
638,2020-05-23 13:49:46.378307,2,638,188,4.0
639,2020-05-23 13:52:46.378307,4,639,48,4.0
640,2020-05-23 13:55:46.378307,7,640,26,20.0
641,2020-05-23 13:58:46.378307,5,641,34,37.0
642,2020-05-23 14:01:46.378307,2,642,189,4.0
643,2020-05-23 14:04:46.378307,4,643,49,8.0
644,2020-05-23 14:07:46.378307,6,644,34,54.0
645,2020-05-23 14:10:46.378307,3,645,86,7.0
646,2020-05-23 14:13:46.378307,2,646,190,1.0
647,2020-05-23 14:16:46.378307,2,647,191,2.0
648,2020-05-23 14:19:46.378307,16,648,14,86.0
649,2020-05-23 14:22:46.378307,2,649,192,7.0
650,2020-05-23 14:25:46.378307,15,650,23,4.0
651,2020-05-23 14:28:46.378307,4,651,50,15.0
652,2020-05-23 14:31:46.378307,3,652,87,18.0
653,2020-05-23 14:34:46.378307,11,653,18,24.0
654,2020-05-23 14:37:46.378307,15,654,24,72.0
655,2020-05-23 14:40:46.378307,10,655,26,12.0
656,2020-05-23 14:43:46.378307,2,656,193,1.0
657,2020-05-23 14:46:46.378307,2,657,194,6.0
658,2020-05-23 14:49:46.378307,1,658,15,22.0
659,2020-05-23 14:52:46.378307,8,659,20,10.0
660,2020-05-23 14:55:46.378307,7,660,27,27.0
661,2020-05-23 14:58:46.378307,18,661,14,22.0
662,2020-05-23 15:01:46.378307,14,662,17,60.0
663,2020-05-23 15:04:46.378307,2,663,195,1.0
664,2020-05-23 15:07:46.378307,2,664,196,1.0
665,2020-05-23 15:10:46.378307,2,665,197,3.0
666,2020-05-23 15:13:46.378307,4,666,51,20.0
667,2020-05-23 15:16:46.378307,10,667,27,6.0
668,2020-05-23 15:19:46.378307,2,668,198,6.0
669,2020-05-23 15:22:46.378307,8,669,21,12.0
670,2020-05-23 15:25:46.378307,3,670,88,2.0
671,2020-05-23 15:28:46.378307,12,671,13,49.0
672,2020-05-23 15:31:46.378307,3,672,89,3.0
673,2020-05-23 15:34:46.378307,10,673,28,32.0
674,2020-05-23 15:37:46.378307,2,674,199,10.0
675,2020-05-23 15:40:46.378307,3,675,90,1.0
676,2020-05-23 15:43:46.378307,3,676,91,14.0
677,2020-05-23 15:46:46.378307,11,677,19,36.0
678,2020-05-23 15:49:46.378307,5,678,35,23.0
679,2020-05-23 15:52:46.378307,9,679,22,20.0
680,2020-05-23 15:55:46.378307,1,680,16,15.0
681,2020-05-23 15:58:46.378307,8,681,22,1.0
682,2020-05-23 16:01:46.378307,8,682,23,100.0
683,2020-05-23 16:04:46.378307,18,683,15,48.0
684,2020-05-23 16:07:46.378307,2,684,200,1.0
685,2020-05-23 16:10:46.378307,2,685,201,6.0
686,2020-05-23 16:13:46.378307,4,686,52,7.0
687,2020-05-23 16:16:46.378307,7,687,28,2.0
688,2020-05-23 16:19:46.378307,13,688,20,63.0
689,2020-05-23 16:22:46.378307,7,689,29,21.0
690,2020-05-23 16:25:46.378307,3,690,92,16.0
691,2020-05-23 16:28:46.378307,2,691,202,1.0
692,2020-05-23 16:31:46.378307,2,692,203,2.0
693,2020-05-23 16:34:46.378307,4,693,53,3.0
694,2020-05-23 16:37:46.378307,2,694,204,6.0
695,2020-05-23 16:40:46.378307,1,695,17,68.0
696,2020-05-23 16:43:46.378307,4,696,54,7.0
697,2020-05-23 16:46:46.378307,19,697,13,42.0
698,2020-05-23 16:49:46.378307,6,698,35,95.0
699,2020-05-23 16:52:46.378307,9,699,23,47.0
700,2020-05-23 16:55:46.378307,2,700,205,2.0
701,2020-05-23 16:58:46.378307,5,701,36,26.0
702,2020-05-23 17:01:46.378307,2,702,206,2.0
703,2020-05-23 17:04:46.378307,4,703,55,47.0
704,2020-05-23 17:07:46.378307,2,704,207,3.0
705,2020-05-23 17:10:46.378307,10,705,29,4.0
706,2020-05-23 17:13:46.378307,3,706,93,6.0
707,2020-05-23 17:16:46.378307,2,707,208,9.0
708,2020-05-23 17:19:46.378307,17,708,13,10.0
709,2020-05-23 17:22:46.378307,10,709,30,12.0
710,2020-05-23 17:25:46.378307,7,710,30,4.0
711,2020-05-23 17:28:46.378307,20,711,14,29.0
712,2020-05-23 17:31:46.378307,3,712,94,7.0
713,2020-05-23 17:34:46.378307,11,713,20,57.0
714,2020-05-23 17:37:46.378307,7,714,31,1.0
715,2020-05-23 17:40:46.378307,7,715,32,64.0
716,2020-05-23 17:43:46.378307,2,716,209,1.0
717,2020-05-23 17:46:46.378307,2,717,210,7.0
718,2020-05-23 17:49:46.378307,17,718,14,35.0
719,2020-05-23 17:52:46.378307,3,719,95,4.0
720,2020-05-23 17:55:46.378307,12,720,14,137.0
721,2020-05-23 17:58:46.378307,10,721,31,68.0
722,2020-05-23 18:01:46.378307,14,722,18,37.0
723,2020-05-23 18:04:46.378307,3,723,96,2.0
724,2020-05-23 18:07:46.378307,2,724,211,4.0
725,2020-05-23 18:10:46.378307,3,725,97,5.0
726,2020-05-23 18:13:46.378307,15,726,25,43.0
727,2020-05-23 18:16:46.378307,5,727,37,11.0
728,2020-05-23 18:19:46.378307,2,728,212,1.0
729,2020-05-23 18:22:46.378307,2,729,213,3.0
730,2020-05-23 18:25:46.378307,3,730,98,6.0
731,2020-05-23 18:28:46.378307,18,731,16,34.0
732,2020-05-23 18:31:46.378307,2,732,214,1.0
733,2020-05-23 18:34:46.378307,2,733,215,2.0
734,2020-05-23 18:37:46.378307,16,734,15,151.0
735,2020-05-23 18:40:46.378307,2,735,216,2.0
736,2020-05-23 18:43:46.378307,3,736,99,12.0
737,2020-05-23 18:46:46.378307,2,737,217,4.0
738,2020-05-23 18:49:46.378307,5,738,38,17.0
739,2020-05-23 18:52:46.378307,19,739,14,22.0
740,2020-05-23 18:55:46.378307,20,740,15,65.0
741,2020-05-23 18:58:46.378307,2,741,218,1.0
742,2020-05-23 19:01:46.378307,2,742,219,1.0
743,2020-05-23 19:04:46.378307,2,743,220,1.0
744,2020-05-23 19:07:46.378307,2,744,221,1.0
745,2020-05-23 19:10:46.378307,2,745,222,2.0
746,2020-05-23 19:13:46.378307,9,746,24,135.0
747,2020-05-23 19:16:46.378307,2,747,223,9.0
748,2020-05-23 19:19:46.378307,3,748,100,1.0
749,2020-05-23 19:22:46.378307,3,749,101,3.0
750,2020-05-23 19:25:46.378307,4,750,56,7.0
751,2020-05-23 19:28:46.378307,13,751,21,209.0
752,2020-05-23 19:31:46.378307,3,752,102,2.0
753,2020-05-23 19:34:46.378307,17,753,15,46.0
754,2020-05-23 19:37:46.378307,3,754,103,32.0
755,2020-05-23 19:40:46.378307,5,755,39,5.0
756,2020-05-23 19:43:46.378307,2,756,224,2.0
757,2020-05-23 19:46:46.378307,4,757,57,14.0
758,2020-05-23 19:49:46.378307,2,758,225,4.0
759,2020-05-23 19:52:46.378307,14,759,19,74.0
760,2020-05-23 19:55:46.378307,5,760,40,4.0
761,2020-05-23 19:58:46.378307,19,761,15,6.0
762,2020-05-23 20:01:46.378307,2,762,226,10.0
763,2020-05-23 20:04:46.378307,1,763,18,37.0
764,2020-05-23 20:07:46.378307,5,764,41,4.0
765,2020-05-23 20:10:46.378307,18,765,17,1.0
766,2020-05-23 20:13:46.378307,18,766,18,45.0
767,2020-05-23 20:16:46.378307,19,767,16,150.0
768,2020-05-23 20:19:46.378307,5,768,42,5.0
769,2020-05-23 20:22:46.378307,15,769,26,82.0
770,2020-05-23 20:25:46.378307,11,770,21,52.0
771,2020-05-23 20:28:46.378307,4,771,58,13.0
772,2020-05-23 20:31:46.378307,2,772,227,3.0
773,2020-05-23 20:34:46.378307,5,773,43,1.0
774,2020-05-23 20:37:46.378307,5,774,44,9.0
775,2020-05-23 20:40:46.378307,2,775,228,1.0
776,2020-05-23 20:43:46.378307,2,776,229,1.0
777,2020-05-23 20:46:46.378307,2,777,230,1.0
778,2020-05-23 20:49:46.378307,2,778,231,2.0
779,2020-05-23 20:52:46.378307,7,779,33,11.0
780,2020-05-23 20:55:46.378307,2,780,232,1.0
781,2020-05-23 20:58:46.378307,2,781,233,4.0
782,2020-05-23 21:01:46.378307,8,782,24,32.0
783,2020-05-23 21:04:46.378307,5,783,45,13.0
784,2020-05-23 21:07:46.378307,4,784,59,7.0
785,2020-05-23 21:10:46.378307,2,785,234,2.0
786,2020-05-23 21:13:46.378307,3,786,104,21.0
787,2020-05-23 21:16:46.378307,2,787,235,1.0
788,2020-05-23 21:19:46.378307,2,788,236,4.0
789,2020-05-23 21:22:46.378307,10,789,32,6.0
790,2020-05-23 21:25:46.378307,7,790,34,4.0
791,2020-05-23 21:28:46.378307,4,791,60,38.0
792,2020-05-23 21:31:46.378307,2,792,237,5.0
793,2020-05-23 21:34:46.378307,6,793,36,5.0
794,2020-05-23 21:37:46.378307,7,794,35,14.0
795,2020-05-23 21:40:46.378307,10,795,33,8.0
796,2020-05-23 21:43:46.378307,5,796,46,16.0
797,2020-05-23 21:46:46.378307,2,797,238,4.0
798,2020-05-23 21:49:46.378307,6,798,37,6.0
799,2020-05-23 21:52:46.378307,17,799,16,10.0
800,2020-05-23 21:55:46.378307,1,800,19,152.0
801,2020-05-23 21:58:46.378307,2,801,239,1.0
802,2020-05-23 22:01:46.378307,2,802,240,4.0
803,2020-05-23 22:04:46.378307,10,803,34,34.0
804,2020-05-23 22:07:46.378307,6,804,38,43.0
805,2020-05-23 22:10:46.378307,20,805,16,62.0
806,2020-05-23 22:13:46.378307,2,806,241,9.0
807,2020-05-23 22:16:46.378307,3,807,105,3.0
808,2020-05-23 22:19:46.378307,7,808,36,27.0
809,2020-05-23 22:22:46.378307,17,809,17,154.0
810,2020-05-23 22:25:46.378307,3,810,106,3.0
811,2020-05-23 22:28:46.378307,18,811,19,32.0
812,2020-05-23 22:31:46.378307,5,812,47,4.0
813,2020-05-23 22:34:46.378307,3,813,107,4.0
814,2020-05-23 22:37:46.378307,8,814,25,4.0
815,2020-05-23 22:40:46.378307,2,815,242,4.0
816,2020-05-23 22:43:46.378307,5,816,48,36.0
817,2020-05-23 22:46:46.378307,3,817,108,3.0
818,2020-05-23 22:49:46.378307,8,818,26,30.0
819,2020-05-23 22:52:46.378307,2,819,243,4.0
820,2020-05-23 22:55:46.378307,3,820,109,1.0
821,2020-05-23 22:58:46.378307,3,821,110,4.0
822,2020-05-23 23:01:46.378307,11,822,22,5.0
823,2020-05-23 23:04:46.378307,2,823,244,1.0
824,2020-05-23 23:07:46.378307,2,824,245,2.0
825,2020-05-23 23:10:46.378307,3,825,111,3.0
826,2020-05-23 23:13:46.378307,2,826,246,6.0
827,2020-05-23 23:16:46.378307,11,827,23,7.0
828,2020-05-23 23:19:46.378307,3,828,112,2.0
829,2020-05-23 23:22:46.378307,4,829,61,21.0
830,2020-05-23 23:25:46.378307,3,830,113,1.0
831,2020-05-23 23:28:46.378307,3,831,114,5.0
832,2020-05-23 23:31:46.378307,2,832,247,6.0
833,2020-05-23 23:34:46.378307,14,833,20,71.0
834,2020-05-23 23:37:46.378307,11,834,24,71.0
835,2020-05-23 23:40:46.378307,7,835,37,9.0
836,2020-05-23 23:43:46.378307,3,836,115,6.0
837,2020-05-23 23:46:46.378307,10,837,35,18.0
838,2020-05-23 23:49:46.378307,2,838,248,1.0
839,2020-05-23 23:52:46.378307,2,839,249,1.0
840,2020-05-23 23:55:46.378307,2,840,250,1.0
841,2020-05-23 23:58:46.378307,2,841,251,5.0
842,2020-05-24 00:01:46.378307,3,842,116,20.0
843,2020-05-24 00:04:46.378307,18,843,20,21.0
844,2020-05-24 00:07:46.378307,7,844,38,1.0
845,2020-05-24 00:10:46.378307,7,845,39,8.0
846,2020-05-24 00:13:46.378307,2,846,252,3.0
847,2020-05-24 00:16:46.378307,6,847,39,48.0
848,2020-05-24 00:19:46.378307,8,848,27,24.0
849,2020-05-24 00:22:46.378307,2,849,253,5.0
850,2020-05-24 00:25:46.378307,4,850,62,13.0
851,2020-05-24 00:28:46.378307,15,851,27,62.0
852,2020-05-24 00:31:46.378307,5,852,49,6.0
853,2020-05-24 00:34:46.378307,7,853,40,12.0
854,2020-05-24 00:37:46.378307,2,854,254,5.0
855,2020-05-24 00:40:46.378307,10,855,36,1.0
856,2020-05-24 00:43:46.378307,10,856,37,4.0
857,2020-05-24 00:46:46.378307,12,857,15,11.0
858,2020-05-24 00:49:46.378307,5,858,50,45.0
859,2020-05-24 00:52:46.378307,2,859,255,2.0
860,2020-05-24 00:55:46.378307,10,860,38,30.0
861,2020-05-24 00:58:46.378307,2,861,256,8.0
862,2020-05-24 01:01:46.378307,3,862,117,4.0
863,2020-05-24 01:04:46.378307,4,863,63,7.0
864,2020-05-24 01:07:46.378307,18,864,21,30.0
865,2020-05-24 01:10:46.378307,7,865,41,53.0
866,2020-05-24 01:13:46.378307,3,866,118,11.0
867,2020-05-24 01:16:46.378307,20,867,17,20.0
868,2020-05-24 01:19:46.378307,12,868,16,90.0
869,2020-05-24 01:22:46.378307,2,869,257,2.0
870,2020-05-24 01:25:46.378307,4,870,64,9.0
871,2020-05-24 01:28:46.378307,2,871,258,2.0
872,2020-05-24 01:31:46.378307,8,872,28,19.0
873,2020-05-24 01:34:46.378307,2,873,259,1.0
874,2020-05-24 01:37:46.378307,2,874,260,1.0
875,2020-05-24 01:40:46.378307,2,875,261,1.0
876,2020-05-24 01:43:46.378307,2,876,262,8.0
877,2020-05-24 01:46:46.378307,3,877,119,1.0
878,2020-05-24 01:49:46.378307,3,878,120,5.0
879,2020-05-24 01:52:46.378307,4,879,65,1.0
880,2020-05-24 01:55:46.378307,4,880,66,2.0
881,2020-05-24 01:58:46.378307,9,881,25,31.0
882,2020-05-24 02:01:46.378307,4,882,67,10.0
883,2020-05-24 02:04:46.378307,3,883,121,10.0
884,2020-05-24 02:07:46.378307,2,884,263,2.0
885,2020-05-24 02:10:46.378307,16,885,16,3.0
886,2020-05-24 02:13:46.378307,2,886,264,3.0
887,2020-05-24 02:16:46.378307,20,887,18,166.0
888,2020-05-24 02:19:46.378307,16,888,17,26.0
889,2020-05-24 02:22:46.378307,2,889,265,8.0
890,2020-05-24 02:25:46.378307,10,890,39,19.0
891,2020-05-24 02:28:46.378307,8,891,29,122.0
892,2020-05-24 02:31:46.378307,4,892,68,24.0
893,2020-05-24 02:34:46.378307,3,893,122,3.0
894,2020-05-24 02:37:46.378307,18,894,22,84.0
895,2020-05-24 02:40:46.378307,6,895,40,31.0
896,2020-05-24 02:43:46.378307,3,896,123,2.0
897,2020-05-24 02:46:46.378307,2,897,266,3.0
898,2020-05-24 02:49:46.378307,3,898,124,1.0
899,2020-05-24 02:52:46.378307,3,899,125,3.0
900,2020-05-24 02:55:46.378307,2,900,267,1.0
901,2020-05-24 02:58:46.378307,2,901,268,9.0
902,2020-05-24 03:01:46.378307,3,902,126,6.0
903,2020-05-24 03:04:46.378307,5,903,51,3.0
904,2020-05-24 03:07:46.378307,14,904,21,3.0
905,2020-05-24 03:10:46.378307,11,905,25,34.0
906,2020-05-24 03:13:46.378307,5,906,52,17.0
907,2020-05-24 03:16:46.378307,14,907,22,95.0
908,2020-05-24 03:19:46.378307,3,908,127,11.0
909,2020-05-24 03:22:46.378307,10,909,40,33.0
910,2020-05-24 03:25:46.378307,2,910,269,1.0
911,2020-05-24 03:28:46.378307,2,911,270,4.0
912,2020-05-24 03:31:46.378307,9,912,26,19.0
913,2020-05-24 03:34:46.378307,15,913,28,19.0
914,2020-05-24 03:37:46.378307,16,914,18,26.0
915,2020-05-24 03:40:46.378307,2,915,271,6.0
916,2020-05-24 03:43:46.378307,4,916,69,9.0
917,2020-05-24 03:46:46.378307,19,917,17,3.0
918,2020-05-24 03:49:46.378307,7,918,42,64.0
919,2020-05-24 03:52:46.378307,3,919,128,17.0
920,2020-05-24 03:55:46.378307,19,920,18,4.0
921,2020-05-24 03:58:46.378307,2,921,272,1.0
922,2020-05-24 04:01:46.378307,2,922,273,5.0
923,2020-05-24 04:04:46.378307,5,923,53,5.0
924,2020-05-24 04:07:46.378307,19,924,19,11.0
925,2020-05-24 04:10:46.378307,4,925,70,22.0
926,2020-05-24 04:13:46.378307,6,926,41,3.0
927,2020-05-24 04:16:46.378307,2,927,274,3.0
928,2020-05-24 04:19:46.378307,5,928,54,13.0
929,2020-05-24 04:22:46.378307,6,929,42,5.0
930,2020-05-24 04:25:46.378307,2,930,275,3.0
931,2020-05-24 04:28:46.378307,9,931,27,86.0
932,2020-05-24 04:31:46.378307,15,932,29,6.0
933,2020-05-24 04:34:46.378307,2,933,276,11.0
934,2020-05-24 04:37:46.378307,6,934,43,15.0
935,2020-05-24 04:40:46.378307,19,935,20,159.0
936,2020-05-24 04:43:46.378307,3,936,129,1.0
937,2020-05-24 04:46:46.378307,3,937,130,24.0
938,2020-05-24 04:49:46.378307,15,938,30,154.0
939,2020-05-24 04:52:46.378307,11,939,26,57.0
940,2020-05-24 04:55:46.378307,16,940,19,97.0
941,2020-05-24 04:58:46.378307,5,941,55,2.0
942,2020-05-24 05:01:46.378307,10,942,41,8.0
943,2020-05-24 05:04:46.378307,5,943,56,13.0
944,2020-05-24 05:07:46.378307,2,944,277,1.0
945,2020-05-24 05:10:46.378307,2,945,278,1.0
946,2020-05-24 05:13:46.378307,2,946,279,2.0
947,2020-05-24 05:16:46.378307,4,947,71,4.0
948,2020-05-24 05:19:46.378307,2,948,280,5.0
949,2020-05-24 05:22:46.378307,6,949,44,5.0
950,2020-05-24 05:25:46.378307,10,950,42,5.0
951,2020-05-24 05:28:46.378307,4,951,72,23.0
952,2020-05-24 05:31:46.378307,1,952,20,31.0
953,2020-05-24 05:34:46.378307,2,953,281,4.0
954,2020-05-24 05:37:46.378307,6,954,45,21.0
955,2020-05-24 05:40:46.378307,10,955,43,35.0
956,2020-05-24 05:43:46.378307,5,956,57,8.0
957,2020-05-24 05:46:46.378307,2,957,282,2.0
958,2020-05-24 05:49:46.378307,12,958,17,33.0
959,2020-05-24 05:52:46.378307,2,959,283,6.0
960,2020-05-24 05:55:46.378307,13,960,22,7.0
961,2020-05-24 05:58:46.378307,3,961,131,1.0
962,2020-05-24 06:01:46.378307,3,962,132,4.0
963,2020-05-24 06:04:46.378307,17,963,18,36.0
964,2020-05-24 06:07:46.378307,5,964,58,13.0
965,2020-05-24 06:10:46.378307,2,965,284,4.0
966,2020-05-24 06:13:46.378307,3,966,133,2.0
967,2020-05-24 06:16:46.378307,13,967,23,3.0
968,2020-05-24 06:19:46.378307,3,968,134,3.0
969,2020-05-24 06:22:46.378307,2,969,285,4.0
970,2020-05-24 06:25:46.378307,13,970,24,19.0
971,2020-05-24 06:28:46.378307,3,971,135,1.0
972,2020-05-24 06:31:46.378307,3,972,136,4.0
973,2020-05-24 06:34:46.378307,2,973,286,8.0
974,2020-05-24 06:37:46.378307,4,974,73,12.0
975,2020-05-24 06:40:46.378307,6,975,46,5.0
976,2020-05-24 06:43:46.378307,3,976,137,12.0
977,2020-05-24 06:46:46.378307,5,977,59,2.0
978,2020-05-24 06:49:46.378307,18,978,23,30.0
979,2020-05-24 06:52:46.378307,5,979,60,5.0
980,2020-05-24 06:55:46.378307,6,980,47,24.0
981,2020-05-24 06:58:46.378307,2,981,287,4.0
982,2020-05-24 07:01:46.378307,7,982,43,38.0
983,2020-05-24 07:04:46.378307,1,983,21,17.0
984,2020-05-24 07:07:46.378307,5,984,61,19.0
985,2020-05-24 07:10:46.378307,2,985,288,2.0
986,2020-05-24 07:13:46.378307,4,986,74,20.0
987,2020-05-24 07:16:46.378307,2,987,289,7.0
988,2020-05-24 07:19:46.378307,3,988,138,4.0
989,2020-05-24 07:22:46.378307,13,989,25,23.0
990,2020-05-24 07:25:46.378307,10,990,44,37.0
991,2020-05-24 07:28:46.378307,12,991,18,27.0
992,2020-05-24 07:31:46.378307,3,992,139,1.0
993,2020-05-24 07:34:46.378307,3,993,140,5.0
994,2020-05-24 07:37:46.378307,2,994,290,1.0
995,2020-05-24 07:40:46.378307,2,995,291,2.0
996,2020-05-24 07:43:46.378307,11,996,27,18.0
997,2020-05-24 07:46:46.378307,2,997,292,10.0
998,2020-05-24 07:49:46.378307,3,998,141,3.0
999,2020-05-24 07:52:46.378307,17,999,19,10.0
1000,2020-05-24 07:55:46.378307,1,1000,22,24.0
1001,2020-05-24 07:58:46.378307,3,1001,142,10.0
1002,2020-05-24 08:01:46.378307,14,1002,23,65.0
1003,2020-05-24 08:04:46.378307,5,1003,62,2.0
1004,2020-05-24 08:07:46.378307,6,1004,48,18.0
1005,2020-05-24 08:10:46.378307,5,1005,63,34.0
1006,2020-05-24 08:13:46.378307,4,1006,75,4.0
1007,2020-05-24 08:16:46.378307,2,1007,293,9.0
1008,2020-05-24 08:19:46.378307,18,1008,24,53.0
1009,2020-05-24 08:22:46.378307,17,1009,20,36.0
1010,2020-05-24 08:25:46.378307,4,1010,76,5.0
1011,2020-05-24 08:28:46.378307,3,1011,143,12.0
1012,2020-05-24 08:31:46.378307,13,1012,26,60.0
1013,2020-05-24 08:34:46.378307,8,1013,30,12.0
1014,2020-05-24 08:37:46.378307,11,1014,28,35.0
1015,2020-05-24 08:40:46.378307,4,1015,77,6.0
1016,2020-05-24 08:43:46.378307,2,1016,294,10.0
1017,2020-05-24 08:46:46.378307,9,1017,28,2.0
1018,2020-05-24 08:49:46.378307,12,1018,19,51.0
1019,2020-05-24 08:52:46.378307,9,1019,29,256.0
1020,2020-05-24 08:55:46.378307,7,1020,44,8.0
1021,2020-05-24 08:58:46.378307,4,1021,78,11.0
1022,2020-05-24 09:01:46.378307,6,1022,49,60.0
1023,2020-05-24 09:04:46.378307,3,1023,144,20.0
1024,2020-05-24 09:07:46.378307,1,1024,23,5.0
1025,2020-05-24 09:10:46.378307,8,1025,31,10.0
1026,2020-05-24 09:13:46.378307,2,1026,295,4.0
1027,2020-05-24 09:16:46.378307,10,1027,45,47.0
1028,2020-05-24 09:19:46.378307,7,1028,45,51.0
1029,2020-05-24 09:22:46.378307,1,1029,24,23.0
1030,2020-05-24 09:25:46.378307,2,1030,296,1.0
1031,2020-05-24 09:28:46.378307,2,1031,297,2.0
1032,2020-05-24 09:31:46.378307,4,1032,79,30.0
1033,2020-05-24 09:34:46.378307,2,1033,298,1.0
1034,2020-05-24 09:37:46.378307,2,1034,299,2.0
1035,2020-05-24 09:40:46.378307,8,1035,32,7.0
1036,2020-05-24 09:43:46.378307,2,1036,300,2.0
1037,2020-05-24 09:46:46.378307,16,1037,20,51.0
1038,2020-05-24 09:49:46.378307,2,1038,301,2.0
1039,2020-05-24 09:52:46.378307,5,1039,64,15.0
1040,2020-05-24 09:55:46.378307,2,1040,302,1.0
1041,2020-05-24 09:58:46.378307,2,1041,303,3.0
1042,2020-05-24 10:01:46.378307,8,1042,33,21.0
1043,2020-05-24 10:04:46.378307,3,1043,145,3.0
1044,2020-05-24 10:07:46.378307,2,1044,304,3.0
1045,2020-05-24 10:10:46.378307,17,1045,21,45.0
1046,2020-05-24 10:13:46.378307,3,1046,146,18.0
1047,2020-05-24 10:16:46.378307,2,1047,305,1.0
1048,2020-05-24 10:19:46.378307,2,1048,306,2.0
1049,2020-05-24 10:22:46.378307,11,1049,29,72.0
1050,2020-05-24 10:25:46.378307,2,1050,307,1.0
1051,2020-05-24 10:28:46.378307,2,1051,308,5.0
1052,2020-05-24 10:31:46.378307,1,1052,25,203.0
1053,2020-05-24 10:34:46.378307,20,1053,19,2.0
1054,2020-05-24 10:37:46.378307,5,1054,65,6.0
1055,2020-05-24 10:40:46.378307,20,1055,20,2.0
1056,2020-05-24 10:43:46.378307,2,1056,309,2.0
1057,2020-05-24 10:46:46.378307,20,1057,21,47.0
1058,2020-05-24 10:49:46.378307,2,1058,310,1.0
1059,2020-05-24 10:52:46.378307,2,1059,311,9.0
1060,2020-05-24 10:55:46.378307,5,1060,66,6.0
1061,2020-05-24 10:58:46.378307,18,1061,25,16.0
1062,2020-05-24 11:01:46.378307,4,1062,80,18.0
1063,2020-05-24 11:04:46.378307,8,1063,34,8.0
1064,2020-05-24 11:07:46.378307,3,1064,147,1.0
1065,2020-05-24 11:10:46.378307,3,1065,148,18.0
1066,2020-05-24 11:13:46.378307,5,1066,67,7.0
1067,2020-05-24 11:16:46.378307,14,1067,24,40.0
1068,2020-05-24 11:19:46.378307,2,1068,312,2.0
1069,2020-05-24 11:22:46.378307,12,1069,20,18.0
1070,2020-05-24 11:25:46.378307,2,1070,313,5.0
1071,2020-05-24 11:28:46.378307,8,1071,35,31.0
1072,2020-05-24 11:31:46.378307,13,1072,27,54.0
1073,2020-05-24 11:34:46.378307,5,1073,68,52.0
1074,2020-05-24 11:37:46.378307,10,1074,46,35.0
1075,2020-05-24 11:40:46.378307,2,1075,314,1.0
1076,2020-05-24 11:43:46.378307,2,1076,315,2.0
1077,2020-05-24 11:46:46.378307,18,1077,26,42.0
1078,2020-05-24 11:49:46.378307,2,1078,316,6.0
1079,2020-05-24 11:52:46.378307,7,1079,46,22.0
1080,2020-05-24 11:55:46.378307,4,1080,81,1.0
1081,2020-05-24 11:58:46.378307,4,1081,82,5.0
1082,2020-05-24 12:01:46.378307,6,1082,50,42.0
1083,2020-05-24 12:04:46.378307,3,1083,149,14.0
1084,2020-05-24 12:07:46.378307,2,1084,317,1.0
1085,2020-05-24 12:10:46.378307,2,1085,318,4.0
1086,2020-05-24 12:13:46.378307,4,1086,83,24.0
1087,2020-05-24 12:16:46.378307,12,1087,21,11.0
1088,2020-05-24 12:19:46.378307,16,1088,21,24.0
1089,2020-05-24 12:22:46.378307,2,1089,319,2.0
1090,2020-05-24 12:25:46.378307,17,1090,22,5.0
1091,2020-05-24 12:28:46.378307,2,1091,320,2.0
1092,2020-05-24 12:31:46.378307,15,1092,31,19.0
1093,2020-05-24 12:34:46.378307,2,1093,321,3.0
1094,2020-05-24 12:37:46.378307,19,1094,21,100.0
1095,2020-05-24 12:40:46.378307,17,1095,23,50.0
1096,2020-05-24 12:43:46.378307,2,1096,322,3.0
1097,2020-05-24 12:46:46.378307,3,1097,150,11.0
1098,2020-05-24 12:49:46.378307,12,1098,22,2.0
1099,2020-05-24 12:52:46.378307,2,1099,323,4.0
1100,2020-05-24 12:55:46.378307,12,1100,23,13.0
1101,2020-05-24 12:58:46.378307,7,1101,47,50.0
1102,2020-05-24 13:01:46.378307,8,1102,36,42.0
1103,2020-05-24 13:04:46.378307,2,1103,324,2.0
1104,2020-05-24 13:07:46.378307,20,1104,22,33.0
1105,2020-05-24 13:10:46.378307,2,1105,325,1.0
1106,2020-05-24 13:13:46.378307,2,1106,326,8.0
1107,2020-05-24 13:16:46.378307,14,1107,25,10.0
1108,2020-05-24 13:19:46.378307,3,1108,151,10.0
1109,2020-05-24 13:22:46.378307,10,1109,47,69.0
1110,2020-05-24 13:25:46.378307,4,1110,84,46.0
1111,2020-05-24 13:28:46.378307,15,1111,32,20.0
1112,2020-05-24 13:31:46.378307,16,1112,22,17.0
1113,2020-05-24 13:34:46.378307,12,1113,24,3.0
1114,2020-05-24 13:37:46.378307,2,1114,327,1.0
1115,2020-05-24 13:40:46.378307,2,1115,328,5.0
1116,2020-05-24 13:43:46.378307,12,1116,25,22.0
1117,2020-05-24 13:46:46.378307,14,1117,26,69.0
1118,2020-05-24 13:49:46.378307,3,1118,152,10.0
1119,2020-05-24 13:52:46.378307,18,1119,27,66.0
1120,2020-05-24 13:55:46.378307,2,1120,329,2.0
1121,2020-05-24 13:58:46.378307,11,1121,30,2.0
1122,2020-05-24 14:01:46.378307,2,1122,330,19.0
1123,2020-05-24 14:04:46.378307,11,1123,31,12.0
1124,2020-05-24 14:07:46.378307,6,1124,51,3.0
1125,2020-05-24 14:10:46.378307,5,1125,69,5.0
1126,2020-05-24 14:13:46.378307,13,1126,28,6.0
1127,2020-05-24 14:16:46.378307,6,1127,52,6.0
1128,2020-05-24 14:19:46.378307,3,1128,153,6.0
1129,2020-05-24 14:22:46.378307,16,1129,23,73.0
1130,2020-05-24 14:25:46.378307,5,1130,70,25.0
1131,2020-05-24 14:28:46.378307,15,1131,33,18.0
1132,2020-05-24 14:31:46.378307,13,1132,29,162.0
1133,2020-05-24 14:34:46.378307,6,1133,53,7.0
1134,2020-05-24 14:37:46.378307,3,1134,154,2.0
1135,2020-05-24 14:40:46.378307,11,1135,32,18.0
1136,2020-05-24 14:43:46.378307,3,1136,155,3.0
1137,2020-05-24 14:46:46.378307,20,1137,23,68.0
1138,2020-05-24 14:49:46.378307,12,1138,26,22.0
1139,2020-05-24 14:52:46.378307,3,1139,156,7.0
1140,2020-05-24 14:55:46.378307,6,1140,54,3.0
1141,2020-05-24 14:58:46.378307,2,1141,331,1.0
1142,2020-05-24 15:01:46.378307,2,1142,332,5.0
1143,2020-05-24 15:04:46.378307,6,1143,55,30.0
1144,2020-05-24 15:07:46.378307,8,1144,37,48.0
1145,2020-05-24 15:10:46.378307,17,1145,24,3.0
1146,2020-05-24 15:13:46.378307,3,1146,157,4.0
1147,2020-05-24 15:16:46.378307,2,1147,333,5.0
1148,2020-05-24 15:19:46.378307,17,1148,25,158.0
1149,2020-05-24 15:22:46.378307,15,1149,34,10.0
1150,2020-05-24 15:25:46.378307,3,1150,158,4.0
1151,2020-05-24 15:28:46.378307,7,1151,48,10.0
1152,2020-05-24 15:31:46.378307,2,1152,334,10.0
1153,2020-05-24 15:34:46.378307,11,1153,33,45.0
1154,2020-05-24 15:37:46.378307,3,1154,159,4.0
1155,2020-05-24 15:40:46.378307,5,1155,71,27.0
1156,2020-05-24 15:43:46.378307,4,1156,85,1.0
1157,2020-05-24 15:46:46.378307,4,1157,86,10.0
1158,2020-05-24 15:49:46.378307,3,1158,160,16.0
1159,2020-05-24 15:52:46.378307,15,1159,35,5.0
1160,2020-05-24 15:55:46.378307,12,1160,27,28.0
1161,2020-05-24 15:58:46.378307,7,1161,49,5.0
1162,2020-05-24 16:01:46.378307,2,1162,335,1.0
1163,2020-05-24 16:04:46.378307,2,1163,336,5.0
1164,2020-05-24 16:07:46.378307,15,1164,36,1.0
1165,2020-05-24 16:10:46.378307,15,1165,37,7.0
1166,2020-05-24 16:13:46.378307,7,1166,50,14.0
1167,2020-05-24 16:16:46.378307,4,1167,87,2.0
1168,2020-05-24 16:19:46.378307,2,1168,337,2.0
1169,2020-05-24 16:22:46.378307,4,1169,88,2.0
1170,2020-05-24 16:25:46.378307,2,1170,338,5.0
1171,2020-05-24 16:28:46.378307,4,1171,89,6.0
1172,2020-05-24 16:31:46.378307,15,1172,38,117.0
1173,2020-05-24 16:34:46.378307,6,1173,56,14.0
1174,2020-05-24 16:37:46.378307,3,1174,161,9.0
1175,2020-05-24 16:40:46.378307,2,1175,339,1.0
1176,2020-05-24 16:43:46.378307,2,1176,340,3.0
1177,2020-05-24 16:46:46.378307,4,1177,90,13.0
1178,2020-05-24 16:49:46.378307,10,1178,48,103.0
1179,2020-05-24 16:52:46.378307,2,1179,341,5.0
1180,2020-05-24 16:55:46.378307,7,1180,51,1.0
1181,2020-05-24 16:58:46.378307,7,1181,52,92.0
1182,2020-05-24 17:01:46.378307,5,1182,72,15.0
1183,2020-05-24 17:04:46.378307,3,1183,162,21.0
1184,2020-05-24 17:07:46.378307,2,1184,342,5.0
1185,2020-05-24 17:10:46.378307,18,1185,28,32.0
1186,2020-05-24 17:13:46.378307,14,1186,27,63.0
1187,2020-05-24 17:16:46.378307,6,1187,57,8.0
1188,2020-05-24 17:19:46.378307,12,1188,28,18.0
1189,2020-05-24 17:22:46.378307,2,1189,343,2.0
1190,2020-05-24 17:25:46.378307,4,1190,91,20.0
1191,2020-05-24 17:28:46.378307,2,1191,344,2.0
1192,2020-05-24 17:31:46.378307,8,1192,38,9.0
1193,2020-05-24 17:34:46.378307,2,1193,345,3.0
1194,2020-05-24 17:37:46.378307,19,1194,22,29.0
1195,2020-05-24 17:40:46.378307,6,1195,58,8.0
1196,2020-05-24 17:43:46.378307,2,1196,346,4.0
1197,2020-05-24 17:46:46.378307,5,1197,73,2.0
1198,2020-05-24 17:49:46.378307,11,1198,34,10.0
1199,2020-05-24 17:52:46.378307,5,1199,74,19.0
1200,2020-05-24 17:55:46.378307,2,1200,347,7.0
1201,2020-05-24 17:58:46.378307,8,1201,39,19.0
1202,2020-05-24 18:01:46.378307,16,1202,24,29.0
1203,2020-05-24 18:04:46.378307,6,1203,59,54.0
1204,2020-05-24 18:07:46.378307,3,1204,163,8.0
1205,2020-05-24 18:10:46.378307,20,1205,24,45.0
1206,2020-05-24 18:13:46.378307,12,1206,29,8.0
1207,2020-05-24 18:16:46.378307,2,1207,348,2.0
1208,2020-05-24 18:19:46.378307,11,1208,35,27.0
1209,2020-05-24 18:22:46.378307,2,1209,349,2.0
1210,2020-05-24 18:25:46.378307,4,1210,92,9.0
1211,2020-05-24 18:28:46.378307,2,1211,350,2.0
1212,2020-05-24 18:31:46.378307,3,1212,164,4.0
1213,2020-05-24 18:34:46.378307,2,1213,351,2.0
1214,2020-05-24 18:37:46.378307,12,1214,30,46.0
1215,2020-05-24 18:40:46.378307,2,1215,352,10.0
1216,2020-05-24 18:43:46.378307,3,1216,165,6.0
1217,2020-05-24 18:46:46.378307,18,1217,29,47.0
1218,2020-05-24 18:49:46.378307,5,1218,75,19.0
1219,2020-05-24 18:52:46.378307,4,1219,93,2.0
1220,2020-05-24 18:55:46.378307,8,1220,40,7.0
1221,2020-05-24 18:58:46.378307,4,1221,94,19.0
1222,2020-05-24 19:01:46.378307,3,1222,166,2.0
1223,2020-05-24 19:04:46.378307,19,1223,23,20.0
1224,2020-05-24 19:07:46.378307,3,1224,167,10.0
1225,2020-05-24 19:10:46.378307,2,1225,353,1.0
1226,2020-05-24 19:13:46.378307,2,1226,354,2.0
1227,2020-05-24 19:16:46.378307,8,1227,41,31.0
1228,2020-05-24 19:19:46.378307,2,1228,355,1.0
1229,2020-05-24 19:22:46.378307,2,1229,356,1.0
1230,2020-05-24 19:25:46.378307,2,1230,357,3.0
1231,2020-05-24 19:28:46.378307,16,1231,25,1.0
1232,2020-05-24 19:31:46.378307,16,1232,26,44.0
1233,2020-05-24 19:34:46.378307,2,1233,358,5.0
1234,2020-05-24 19:37:46.378307,3,1234,168,2.0
1235,2020-05-24 19:40:46.378307,11,1235,36,4.0
1236,2020-05-24 19:43:46.378307,3,1236,169,9.0
1237,2020-05-24 19:46:46.378307,5,1237,76,4.0
1238,2020-05-24 19:49:46.378307,2,1238,359,8.0
1239,2020-05-24 19:52:46.378307,11,1239,37,62.0
1240,2020-05-24 19:55:46.378307,4,1240,95,4.0
1241,2020-05-24 19:58:46.378307,5,1241,77,1.0
1242,2020-05-24 20:01:46.378307,5,1242,78,23.0
1243,2020-05-24 20:04:46.378307,19,1243,24,134.0
1244,2020-05-24 20:07:46.378307,4,1244,96,26.0
1245,2020-05-24 20:10:46.378307,3,1245,170,2.0
1246,2020-05-24 20:13:46.378307,2,1246,360,2.0
1247,2020-05-24 20:16:46.378307,3,1247,171,16.0
1248,2020-05-24 20:19:46.378307,2,1248,361,3.0
1249,2020-05-24 20:22:46.378307,14,1249,28,10.0
1250,2020-05-24 20:25:46.378307,20,1250,25,45.0
1251,2020-05-24 20:28:46.378307,2,1251,362,1.0
1252,2020-05-24 20:31:46.378307,2,1252,363,1.0
1253,2020-05-24 20:34:46.378307,2,1253,364,1.0
1254,2020-05-24 20:37:46.378307,2,1254,365,7.0
1255,2020-05-24 20:40:46.378307,1,1255,26,1.0
1256,2020-05-24 20:43:46.378307,1,1256,27,64.0
1257,2020-05-24 20:46:46.378307,6,1257,60,15.0
1258,2020-05-24 20:49:46.378307,8,1258,42,160.0
1259,2020-05-24 20:52:46.378307,14,1259,29,68.0
1260,2020-05-24 20:55:46.378307,12,1260,31,19.0
1261,2020-05-24 20:58:46.378307,2,1261,366,1.0
1262,2020-05-24 21:01:46.378307,2,1262,367,6.0
1263,2020-05-24 21:04:46.378307,3,1263,172,3.0
1264,2020-05-24 21:07:46.378307,18,1264,30,109.0
1265,2020-05-24 21:10:46.378307,5,1265,79,22.0
1266,2020-05-24 21:13:46.378307,3,1266,173,1.0
1267,2020-05-24 21:16:46.378307,3,1267,174,11.0
1268,2020-05-24 21:19:46.378307,2,1268,368,1.0
1269,2020-05-24 21:22:46.378307,2,1269,369,5.0
1270,2020-05-24 21:25:46.378307,4,1270,97,1.0
1271,2020-05-24 21:28:46.378307,4,1271,98,9.0
1272,2020-05-24 21:31:46.378307,6,1272,61,5.0
1273,2020-05-24 21:34:46.378307,7,1273,53,23.0
1274,2020-05-24 21:37:46.378307,2,1274,370,9.0
1275,2020-05-24 21:40:46.378307,9,1275,30,18.0
1276,2020-05-24 21:43:46.378307,16,1276,27,150.0
1277,2020-05-24 21:46:46.378307,6,1277,62,68.0
1278,2020-05-24 21:49:46.378307,3,1278,175,13.0
1279,2020-05-24 21:52:46.378307,12,1279,32,3.0
1280,2020-05-24 21:55:46.378307,4,1280,99,19.0
1281,2020-05-24 21:58:46.378307,10,1281,49,48.0
1282,2020-05-24 22:01:46.378307,12,1282,33,51.0
1283,2020-05-24 22:04:46.378307,2,1283,371,1.0
1284,2020-05-24 22:07:46.378307,2,1284,372,1.0
1285,2020-05-24 22:10:46.378307,2,1285,373,1.0
1286,2020-05-24 22:13:46.378307,2,1286,374,2.0
1287,2020-05-24 22:16:46.378307,5,1287,80,29.0
1288,2020-05-24 22:19:46.378307,2,1288,375,2.0
1289,2020-05-24 22:22:46.378307,15,1289,39,24.0
1290,2020-05-24 22:25:46.378307,2,1290,376,7.0
1291,2020-05-24 22:28:46.378307,3,1291,176,1.0
1292,2020-05-24 22:31:46.378307,3,1292,177,8.0
1293,2020-05-24 22:34:46.378307,9,1293,31,106.0
1294,2020-05-24 22:37:46.378307,13,1294,30,15.0
1295,2020-05-24 22:40:46.378307,20,1295,26,74.0
1296,2020-05-24 22:43:46.378307,7,1296,54,12.0
1297,2020-05-24 22:46:46.378307,2,1297,377,1.0
1298,2020-05-24 22:49:46.378307,2,1298,378,4.0
1299,2020-05-24 22:52:46.378307,4,1299,100,13.0
1300,2020-05-24 22:55:46.378307,3,1300,178,30.0
1301,2020-05-24 22:58:46.378307,11,1301,38,4.0
1302,2020-05-24 23:01:46.378307,2,1302,379,1.0
1303,2020-05-24 23:04:46.378307,2,1303,380,1.0
1304,2020-05-24 23:07:46.378307,2,1304,381,3.0
1305,2020-05-24 23:10:46.378307,11,1305,39,26.0
1306,2020-05-24 23:13:46.378307,17,1306,26,8.0
1307,2020-05-24 23:16:46.378307,2,1307,382,3.0
1308,2020-05-24 23:19:46.378307,7,1308,55,45.0
1309,2020-05-24 23:22:46.378307,13,1309,31,13.0
1310,2020-05-24 23:25:46.378307,2,1310,383,1.0
1311,2020-05-24 23:28:46.378307,2,1311,384,4.0
1312,2020-05-24 23:31:46.378307,4,1312,101,13.0
1313,2020-05-24 23:34:46.378307,15,1313,40,4.0
1314,2020-05-24 23:37:46.378307,17,1314,27,122.0
1315,2020-05-24 23:40:46.378307,2,1315,385,4.0
1316,2020-05-24 23:43:46.378307,5,1316,81,2.0
1317,2020-05-24 23:46:46.378307,15,1317,41,55.0
1318,2020-05-24 23:49:46.378307,5,1318,82,21.0
1319,2020-05-24 23:52:46.378307,2,1319,386,2.0
1320,2020-05-24 23:55:46.378307,1,1320,28,8.0
1321,2020-05-24 23:58:46.378307,2,1321,387,2.0
1322,2020-05-25 00:01:46.378307,13,1322,32,41.0
1323,2020-05-25 00:04:46.378307,2,1323,388,1.0
1324,2020-05-25 00:07:46.378307,2,1324,389,2.0
1325,2020-05-25 00:10:46.378307,4,1325,102,10.0
1326,2020-05-25 00:13:46.378307,2,1326,390,6.0
1327,2020-05-25 00:16:46.378307,14,1327,30,19.0
1328,2020-05-25 00:19:46.378307,1,1328,29,36.0
1329,2020-05-25 00:22:46.378307,10,1329,50,42.0
1330,2020-05-25 00:25:46.378307,3,1330,179,4.0
1331,2020-05-25 00:28:46.378307,11,1331,40,11.0
1332,2020-05-25 00:31:46.378307,2,1332,391,4.0
1333,2020-05-25 00:34:46.378307,12,1333,34,27.0
1334,2020-05-25 00:37:46.378307,3,1334,180,20.0
1335,2020-05-25 00:40:46.378307,4,1335,103,6.0
1336,2020-05-25 00:43:46.378307,2,1336,392,1.0
1337,2020-05-25 00:46:46.378307,2,1337,393,1.0
1338,2020-05-25 00:49:46.378307,2,1338,394,2.0
1339,2020-05-25 00:52:46.378307,5,1339,83,4.0
1340,2020-05-25 00:55:46.378307,2,1340,395,4.0
1341,2020-05-25 00:58:46.378307,4,1341,104,70.0
1342,2020-05-25 01:01:46.378307,11,1342,41,7.0
1343,2020-05-25 01:04:46.378307,5,1343,84,66.0
1344,2020-05-25 01:07:46.378307,2,1344,396,3.0
1345,2020-05-25 01:10:46.378307,6,1345,63,3.0
1346,2020-05-25 01:13:46.378307,14,1346,31,85.0
1347,2020-05-25 01:16:46.378307,2,1347,397,4.0
1348,2020-05-25 01:19:46.378307,6,1348,64,2.0
1349,2020-05-25 01:22:46.378307,11,1349,42,38.0
1350,2020-05-25 01:25:46.378307,6,1350,65,7.0
1351,2020-05-25 01:28:46.378307,2,1351,398,1.0
1352,2020-05-25 01:31:46.378307,2,1352,399,4.0
1353,2020-05-25 01:34:46.378307,7,1353,56,29.0
1354,2020-05-25 01:37:46.378307,3,1354,181,1.0
1355,2020-05-25 01:40:46.378307,3,1355,182,3.0
1356,2020-05-25 01:43:46.378307,2,1356,400,3.0
1357,2020-05-25 01:46:46.378307,6,1357,66,11.0
1358,2020-05-25 01:49:46.378307,3,1358,183,7.0
1359,2020-05-25 01:52:46.378307,2,1359,401,2.0
1360,2020-05-25 01:55:46.378307,12,1360,35,48.0
1361,2020-05-25 01:58:46.378307,2,1361,402,1.0
1362,2020-05-25 02:01:46.378307,2,1362,403,4.0
1363,2020-05-25 02:04:46.378307,13,1363,33,47.0
1364,2020-05-25 02:07:46.378307,1,1364,30,22.0
1365,2020-05-25 02:10:46.378307,3,1365,184,2.0
1366,2020-05-25 02:13:46.378307,2,1366,404,4.0
1367,2020-05-25 02:16:46.378307,3,1367,185,7.0
1368,2020-05-25 02:19:46.378307,6,1368,67,8.0
1369,2020-05-25 02:22:46.378307,20,1369,27,31.0
1370,2020-05-25 02:25:46.378307,2,1370,405,8.0
1371,2020-05-25 02:28:46.378307,10,1371,51,10.0
1372,2020-05-25 02:31:46.378307,15,1372,42,17.0
1373,2020-05-25 02:34:46.378307,18,1373,31,22.0
1374,2020-05-25 02:37:46.378307,3,1374,186,1.0
1375,2020-05-25 02:40:46.378307,3,1375,187,15.0
1376,2020-05-25 02:43:46.378307,6,1376,68,4.0
1377,2020-05-25 02:46:46.378307,19,1377,25,20.0
1378,2020-05-25 02:49:46.378307,2,1378,406,1.0
1379,2020-05-25 02:52:46.378307,2,1379,407,4.0
1380,2020-05-25 02:55:46.378307,6,1380,69,5.0
1381,2020-05-25 02:58:46.378307,10,1381,52,23.0
1382,2020-05-25 03:01:46.378307,7,1382,57,6.0
1383,2020-05-25 03:04:46.378307,2,1383,408,1.0
1384,2020-05-25 03:07:46.378307,2,1384,409,10.0
1385,2020-05-25 03:10:46.378307,6,1385,70,16.0
1386,2020-05-25 03:13:46.378307,1,1386,31,105.0
1387,2020-05-25 03:16:46.378307,11,1387,43,166.0
1388,2020-05-25 03:19:46.378307,7,1388,58,4.0
1389,2020-05-25 03:22:46.378307,15,1389,43,7.0
1390,2020-05-25 03:25:46.378307,3,1390,188,1.0
1391,2020-05-25 03:28:46.378307,3,1391,189,2.0
1392,2020-05-25 03:31:46.378307,7,1392,59,6.0
1393,2020-05-25 03:34:46.378307,3,1393,190,20.0
1394,2020-05-25 03:37:46.378307,2,1394,410,8.0
1395,2020-05-25 03:40:46.378307,18,1395,32,151.0
1396,2020-05-25 03:43:46.378307,15,1396,44,42.0
1397,2020-05-25 03:46:46.378307,19,1397,26,42.0
1398,2020-05-25 03:49:46.378307,7,1398,60,21.0
1399,2020-05-25 03:52:46.378307,9,1399,32,70.0
1400,2020-05-25 03:55:46.378307,20,1400,28,79.0
1401,2020-05-25 03:58:46.378307,6,1401,71,36.0
1402,2020-05-25 04:01:46.378307,2,1402,411,1.0
1403,2020-05-25 04:04:46.378307,2,1403,412,2.0
1404,2020-05-25 04:07:46.378307,10,1404,53,26.0
1405,2020-05-25 04:10:46.378307,2,1405,413,1.0
1406,2020-05-25 04:13:46.378307,2,1406,414,1.0
1407,2020-05-25 04:16:46.378307,2,1407,415,7.0
1408,2020-05-25 04:19:46.378307,12,1408,36,24.0
1409,2020-05-25 04:22:46.378307,5,1409,85,12.0
1410,2020-05-25 04:25:46.378307,13,1410,34,61.0
1411,2020-05-25 04:28:46.378307,4,1411,105,1.0
1412,2020-05-25 04:31:46.378307,4,1412,106,3.0
1413,2020-05-25 04:34:46.378307,3,1413,191,4.0
1414,2020-05-25 04:37:46.378307,2,1414,416,2.0
1415,2020-05-25 04:40:46.378307,4,1415,107,9.0
1416,2020-05-25 04:43:46.378307,2,1416,417,6.0
1417,2020-05-25 04:46:46.378307,3,1417,192,10.0
1418,2020-05-25 04:49:46.378307,8,1418,43,11.0
1419,2020-05-25 04:52:46.378307,7,1419,61,1.0
1420,2020-05-25 04:55:46.378307,7,1420,62,5.0
1421,2020-05-25 04:58:46.378307,5,1421,86,23.0
1422,2020-05-25 05:01:46.378307,2,1422,418,1.0
1423,2020-05-25 05:04:46.378307,2,1423,419,5.0
1424,2020-05-25 05:07:46.378307,4,1424,108,9.0
1425,2020-05-25 05:10:46.378307,7,1425,63,17.0
1426,2020-05-25 05:13:46.378307,16,1426,28,28.0
1427,2020-05-25 05:16:46.378307,3,1427,193,13.0
1428,2020-05-25 05:19:46.378307,2,1428,420,7.0
1429,2020-05-25 05:22:46.378307,8,1429,44,43.0
1430,2020-05-25 05:25:46.378307,10,1430,54,20.0
1431,2020-05-25 05:28:46.378307,14,1431,32,27.0
1432,2020-05-25 05:31:46.378307,12,1432,37,25.0
1433,2020-05-25 05:34:46.378307,4,1433,109,1.0
1434,2020-05-25 05:37:46.378307,4,1434,110,13.0
1435,2020-05-25 05:40:46.378307,2,1435,421,6.0
1436,2020-05-25 05:43:46.378307,17,1436,28,89.0
1437,2020-05-25 05:46:46.378307,6,1437,72,8.0
1438,2020-05-25 05:49:46.378307,15,1438,45,60.0
1439,2020-05-25 05:52:46.378307,19,1439,27,22.0
1440,2020-05-25 05:55:46.378307,3,1440,194,9.0
1441,2020-05-25 05:58:46.378307,2,1441,422,2.0
1442,2020-05-25 06:01:46.378307,7,1442,64,72.0
1443,2020-05-25 06:04:46.378307,2,1443,423,3.0
1444,2020-05-25 06:07:46.378307,5,1444,87,4.0
1445,2020-05-25 06:10:46.378307,6,1445,73,21.0
1446,2020-05-25 06:13:46.378307,2,1446,424,7.0
1447,2020-05-25 06:16:46.378307,4,1447,111,17.0
1448,2020-05-25 06:19:46.378307,5,1448,88,4.0
1449,2020-05-25 06:22:46.378307,3,1449,195,2.0
1450,2020-05-25 06:25:46.378307,10,1450,55,49.0
1451,2020-05-25 06:28:46.378307,3,1451,196,4.0
1452,2020-05-25 06:31:46.378307,5,1452,89,22.0
1453,2020-05-25 06:34:46.378307,2,1453,425,3.0
1454,2020-05-25 06:37:46.378307,16,1454,29,33.0
1455,2020-05-25 06:40:46.378307,3,1455,197,5.0
1456,2020-05-25 06:43:46.378307,2,1456,426,3.0
1457,2020-05-25 06:46:46.378307,12,1457,38,11.0
1458,2020-05-25 06:49:46.378307,14,1458,33,92.0
1459,2020-05-25 06:52:46.378307,2,1459,427,3.0
1460,2020-05-25 06:55:46.378307,3,1460,198,20.0
1461,2020-05-25 06:58:46.378307,19,1461,28,2.0
1462,2020-05-25 07:01:46.378307,2,1462,428,3.0
1463,2020-05-25 07:04:46.378307,19,1463,29,76.0
1464,2020-05-25 07:07:46.378307,4,1464,112,22.0
1465,2020-05-25 07:10:46.378307,2,1465,429,2.0
1466,2020-05-25 07:13:46.378307,6,1466,74,18.0
1467,2020-05-25 07:16:46.378307,2,1467,430,3.0
1468,2020-05-25 07:19:46.378307,12,1468,39,8.0
1469,2020-05-25 07:22:46.378307,9,1469,33,78.0
1470,2020-05-25 07:25:46.378307,2,1470,431,3.0
1471,2020-05-25 07:28:46.378307,13,1471,35,14.0
1472,2020-05-25 07:31:46.378307,8,1472,45,34.0
1473,2020-05-25 07:34:46.378307,2,1473,432,2.0
1474,2020-05-25 07:37:46.378307,5,1474,90,15.0
1475,2020-05-25 07:40:46.378307,2,1475,433,2.0
1476,2020-05-25 07:43:46.378307,12,1476,40,106.0
1477,2020-05-25 07:46:46.378307,2,1477,434,1.0
1478,2020-05-25 07:49:46.378307,2,1478,435,4.0
1479,2020-05-25 07:52:46.378307,20,1479,29,56.0
1480,2020-05-25 07:55:46.378307,3,1480,199,1.0
1481,2020-05-25 07:58:46.378307,3,1481,200,2.0
1482,2020-05-25 08:01:46.378307,2,1482,436,8.0
1483,2020-05-25 08:04:46.378307,3,1483,201,9.0
1484,2020-05-25 08:07:46.378307,6,1484,75,90.0
1485,2020-05-25 08:10:46.378307,13,1485,36,3.0
1486,2020-05-25 08:13:46.378307,4,1486,113,7.0
1487,2020-05-25 08:16:46.378307,16,1487,30,30.0
1488,2020-05-25 08:19:46.378307,13,1488,37,133.0
1489,2020-05-25 08:22:46.378307,5,1489,91,24.0
1490,2020-05-25 08:25:46.378307,2,1490,437,4.0
1491,2020-05-25 08:28:46.378307,1,1491,32,110.0
1492,2020-05-25 08:31:46.378307,3,1492,202,3.0
1493,2020-05-25 08:34:46.378307,4,1493,114,11.0
1494,2020-05-25 08:37:46.378307,2,1494,438,3.0
1495,2020-05-25 08:40:46.378307,3,1495,203,1.0
1496,2020-05-25 08:43:46.378307,3,1496,204,5.0
1497,2020-05-25 08:46:46.378307,2,1497,439,3.0
1498,2020-05-25 08:49:46.378307,15,1498,46,34.0
1499,2020-05-25 08:52:46.378307,10,1499,56,17.0
1500,2020-05-25 08:55:46.378307,2,1500,440,2.0
1501,2020-05-25 08:58:46.378307,3,1501,205,4.0
1502,2020-05-25 09:01:46.378307,2,1502,441,1.0
1503,2020-05-25 09:04:46.378307,2,1503,442,4.0
1504,2020-05-25 09:07:46.378307,4,1504,115,4.0
1505,2020-05-25 09:10:46.378307,3,1505,206,4.0
1506,2020-05-25 09:13:46.378307,8,1506,46,5.0
1507,2020-05-25 09:16:46.378307,2,1507,443,11.0
1508,2020-05-25 09:19:46.378307,4,1508,116,4.0
1509,2020-05-25 09:22:46.378307,3,1509,207,1.0
1510,2020-05-25 09:25:46.378307,3,1510,208,11.0
1511,2020-05-25 09:28:46.378307,8,1511,47,8.0
1512,2020-05-25 09:31:46.378307,4,1512,117,3.0
1513,2020-05-25 09:34:46.378307,5,1513,92,9.0
1514,2020-05-25 09:37:46.378307,7,1514,65,6.0
1515,2020-05-25 09:40:46.378307,4,1515,118,15.0
1516,2020-05-25 09:43:46.378307,10,1516,57,29.0
1517,2020-05-25 09:46:46.378307,16,1517,31,38.0
1518,2020-05-25 09:49:46.378307,2,1518,444,5.0
1519,2020-05-25 09:52:46.378307,8,1519,48,8.0
1520,2020-05-25 09:55:46.378307,7,1520,66,23.0
1521,2020-05-25 09:58:46.378307,3,1521,209,7.0
1522,2020-05-25 10:01:46.378307,5,1522,93,9.0
1523,2020-05-25 10:04:46.378307,2,1523,445,1.0
1524,2020-05-25 10:07:46.378307,2,1524,446,2.0
1525,2020-05-25 10:10:46.378307,17,1525,29,4.0
1526,2020-05-25 10:13:46.378307,2,1526,447,11.0
1527,2020-05-25 10:16:46.378307,8,1527,49,15.0
1528,2020-05-25 10:19:46.378307,3,1528,210,5.0
1529,2020-05-25 10:22:46.378307,17,1529,30,5.0
1530,2020-05-25 10:25:46.378307,4,1530,119,11.0
1531,2020-05-25 10:28:46.378307,5,1531,94,5.0
1532,2020-05-25 10:31:46.378307,15,1532,47,82.0
1533,2020-05-25 10:34:46.378307,3,1533,211,15.0
1534,2020-05-25 10:37:46.378307,17,1534,31,20.0
1535,2020-05-25 10:40:46.378307,20,1535,30,65.0
1536,2020-05-25 10:43:46.378307,5,1536,95,8.0
1537,2020-05-25 10:46:46.378307,2,1537,448,1.0
1538,2020-05-25 10:49:46.378307,2,1538,449,2.0
1539,2020-05-25 10:52:46.378307,19,1539,30,20.0
1540,2020-05-25 10:55:46.378307,2,1540,450,11.0
1541,2020-05-25 10:58:46.378307,4,1541,120,19.0
1542,2020-05-25 11:01:46.378307,8,1542,50,27.0
1543,2020-05-25 11:04:46.378307,7,1543,67,23.0
1544,2020-05-25 11:07:46.378307,5,1544,96,21.0
1545,2020-05-25 11:10:46.378307,10,1545,58,4.0
1546,2020-05-25 11:13:46.378307,18,1546,33,18.0
1547,2020-05-25 11:16:46.378307,9,1547,34,45.0
1548,2020-05-25 11:19:46.378307,3,1548,212,4.0
1549,2020-05-25 11:22:46.378307,10,1549,59,24.0
1550,2020-05-25 11:25:46.378307,14,1550,34,6.0
1551,2020-05-25 11:28:46.378307,2,1551,451,6.0
1552,2020-05-25 11:31:46.378307,3,1552,213,27.0
1553,2020-05-25 11:34:46.378307,11,1553,44,10.0
1554,2020-05-25 11:37:46.378307,17,1554,32,91.0
1555,2020-05-25 11:40:46.378307,16,1555,32,6.0
1556,2020-05-25 11:43:46.378307,14,1556,35,79.0
1557,2020-05-25 11:46:46.378307,2,1557,452,1.0
1558,2020-05-25 11:49:46.378307,2,1558,453,4.0
1559,2020-05-25 11:52:46.378307,19,1559,31,16.0
1560,2020-05-25 11:55:46.378307,4,1560,121,10.0
1561,2020-05-25 11:58:46.378307,16,1561,33,47.0
1562,2020-05-25 12:01:46.378307,2,1562,454,5.0
1563,2020-05-25 12:04:46.378307,11,1563,45,15.0
1564,2020-05-25 12:07:46.378307,18,1564,34,49.0
1565,2020-05-25 12:10:46.378307,5,1565,97,23.0
1566,2020-05-25 12:13:46.378307,7,1566,68,135.0
1567,2020-05-25 12:16:46.378307,2,1567,455,1.0
1568,2020-05-25 12:19:46.378307,2,1568,456,3.0
1569,2020-05-25 12:22:46.378307,8,1569,51,18.0
1570,2020-05-25 12:25:46.378307,4,1570,122,2.0
1571,2020-05-25 12:28:46.378307,2,1571,457,5.0
1572,2020-05-25 12:31:46.378307,4,1572,123,5.0
1573,2020-05-25 12:34:46.378307,10,1573,60,29.0
1574,2020-05-25 12:37:46.378307,6,1574,76,25.0
1575,2020-05-25 12:40:46.378307,19,1575,32,154.0
1576,2020-05-25 12:43:46.378307,2,1576,458,4.0
1577,2020-05-25 12:46:46.378307,4,1577,124,30.0
1578,2020-05-25 12:49:46.378307,11,1578,46,5.0
1579,2020-05-25 12:52:46.378307,3,1579,214,6.0
1580,2020-05-25 12:55:46.378307,2,1580,459,1.0
1581,2020-05-25 12:58:46.378307,2,1581,460,3.0
1582,2020-05-25 13:01:46.378307,12,1582,41,41.0
1583,2020-05-25 13:04:46.378307,11,1583,47,8.0
1584,2020-05-25 13:07:46.378307,2,1584,461,5.0
1585,2020-05-25 13:10:46.378307,3,1585,215,1.0
1586,2020-05-25 13:13:46.378307,3,1586,216,9.0
1587,2020-05-25 13:16:46.378307,8,1587,52,43.0
1588,2020-05-25 13:19:46.378307,5,1588,98,18.0
1589,2020-05-25 13:22:46.378307,2,1589,462,1.0
1590,2020-05-25 13:25:46.378307,2,1590,463,3.0
1591,2020-05-25 13:28:46.378307,11,1591,48,21.0
1592,2020-05-25 13:31:46.378307,9,1592,35,41.0
1593,2020-05-25 13:34:46.378307,2,1593,464,1.0
1594,2020-05-25 13:37:46.378307,2,1594,465,3.0
1595,2020-05-25 13:40:46.378307,3,1595,217,1.0
1596,2020-05-25 13:43:46.378307,3,1596,218,2.0
1597,2020-05-25 13:46:46.378307,2,1597,466,6.0
1598,2020-05-25 13:49:46.378307,3,1598,219,24.0
1599,2020-05-25 13:52:46.378307,6,1599,77,29.0
1600,2020-05-25 13:55:46.378307,20,1600,31,26.0
1601,2020-05-25 13:58:46.378307,1,1601,33,59.0
1602,2020-05-25 14:01:46.378307,10,1602,61,139.0
1603,2020-05-25 14:04:46.378307,2,1603,467,1.0
1604,2020-05-25 14:07:46.378307,2,1604,468,1.0
1605,2020-05-25 14:10:46.378307,2,1605,469,4.0
1606,2020-05-25 14:13:46.378307,5,1606,99,55.0
1607,2020-05-25 14:16:46.378307,4,1607,125,9.0
1608,2020-05-25 14:19:46.378307,16,1608,34,11.0
1609,2020-05-25 14:22:46.378307,2,1609,470,1.0
1610,2020-05-25 14:25:46.378307,2,1610,471,1.0
1611,2020-05-25 14:28:46.378307,2,1611,472,4.0
1612,2020-05-25 14:31:46.378307,11,1612,49,77.0
1613,2020-05-25 14:34:46.378307,18,1613,35,90.0
1614,2020-05-25 14:37:46.378307,15,1614,48,3.0
1615,2020-05-25 14:40:46.378307,2,1615,473,3.0
1616,2020-05-25 14:43:46.378307,4,1616,126,9.0
1617,2020-05-25 14:46:46.378307,15,1617,49,12.0
1618,2020-05-25 14:49:46.378307,2,1618,474,2.0
1619,2020-05-25 14:52:46.378307,16,1619,35,29.0
1620,2020-05-25 14:55:46.378307,2,1620,475,7.0
1621,2020-05-25 14:58:46.378307,13,1621,38,22.0
1622,2020-05-25 15:01:46.378307,3,1622,220,2.0
1623,2020-05-25 15:04:46.378307,12,1623,42,28.0
1624,2020-05-25 15:07:46.378307,3,1624,221,10.0
1625,2020-05-25 15:10:46.378307,4,1625,127,7.0
1626,2020-05-25 15:13:46.378307,20,1626,32,89.0
1627,2020-05-25 15:16:46.378307,2,1627,476,4.0
1628,2020-05-25 15:19:46.378307,6,1628,78,18.0
1629,2020-05-25 15:22:46.378307,15,1629,50,59.0
1630,2020-05-25 15:25:46.378307,8,1630,53,11.0
1631,2020-05-25 15:28:46.378307,2,1631,477,5.0
1632,2020-05-25 15:31:46.378307,4,1632,128,8.0
1633,2020-05-25 15:34:46.378307,9,1633,36,65.0
1634,2020-05-25 15:37:46.378307,3,1634,222,3.0
1635,2020-05-25 15:40:46.378307,14,1635,36,9.0
1636,2020-05-25 15:43:46.378307,2,1636,478,6.0
1637,2020-05-25 15:46:46.378307,3,1637,223,1.0
1638,2020-05-25 15:49:46.378307,3,1638,224,1.0
1639,2020-05-25 15:52:46.378307,3,1639,225,13.0
1640,2020-05-25 15:55:46.378307,4,1640,129,7.0
1641,2020-05-25 15:58:46.378307,8,1641,54,33.0
1642,2020-05-25 16:01:46.378307,2,1642,479,7.0
1643,2020-05-25 16:04:46.378307,13,1643,39,12.0
1644,2020-05-25 16:07:46.378307,14,1644,37,23.0
1645,2020-05-25 16:10:46.378307,17,1645,33,11.0
1646,2020-05-25 16:13:46.378307,6,1646,79,7.0
1647,2020-05-25 16:16:46.378307,4,1647,130,15.0
1648,2020-05-25 16:19:46.378307,16,1648,36,36.0
1649,2020-05-25 16:22:46.378307,2,1649,480,1.0
1650,2020-05-25 16:25:46.378307,2,1650,481,7.0
1651,2020-05-25 16:28:46.378307,12,1651,43,3.0
1652,2020-05-25 16:31:46.378307,3,1652,226,11.0
1653,2020-05-25 16:34:46.378307,6,1653,80,49.0
1654,2020-05-25 16:37:46.378307,12,1654,44,37.0
1655,2020-05-25 16:40:46.378307,13,1655,40,28.0
1656,2020-05-25 16:43:46.378307,17,1656,34,102.0
1657,2020-05-25 16:46:46.378307,2,1657,482,1.0
1658,2020-05-25 16:49:46.378307,2,1658,483,1.0
1659,2020-05-25 16:52:46.378307,2,1659,484,9.0
1660,2020-05-25 16:55:46.378307,1,1660,34,100.0
1661,2020-05-25 16:58:46.378307,5,1661,100,4.0
1662,2020-05-25 17:01:46.378307,4,1662,131,2.0
1663,2020-05-25 17:04:46.378307,3,1663,227,3.0
1664,2020-05-25 17:07:46.378307,4,1664,132,7.0
1665,2020-05-25 17:10:46.378307,5,1665,101,17.0
1666,2020-05-25 17:13:46.378307,3,1666,228,7.0
1667,2020-05-25 17:16:46.378307,14,1667,38,23.0
1668,2020-05-25 17:19:46.378307,2,1668,485,1.0
1669,2020-05-25 17:22:46.378307,2,1669,486,1.0
1670,2020-05-25 17:25:46.378307,2,1670,487,2.0
1671,2020-05-25 17:28:46.378307,4,1671,133,5.0
1672,2020-05-25 17:31:46.378307,2,1672,488,6.0
1673,2020-05-25 17:34:46.378307,3,1673,229,2.0
1674,2020-05-25 17:37:46.378307,8,1674,55,3.0
1675,2020-05-25 17:40:46.378307,3,1675,230,20.0
1676,2020-05-25 17:43:46.378307,4,1676,134,3.0
1677,2020-05-25 17:46:46.378307,8,1677,56,22.0
1678,2020-05-25 17:49:46.378307,2,1678,489,2.0
1679,2020-05-25 17:52:46.378307,4,1679,135,2.0
1680,2020-05-25 17:55:46.378307,2,1680,490,12.0
1681,2020-05-25 17:58:46.378307,4,1681,136,5.0
1682,2020-05-25 18:01:46.378307,5,1682,102,3.0
1683,2020-05-25 18:04:46.378307,13,1683,41,84.0
1684,2020-05-25 18:07:46.378307,16,1684,37,80.0
1685,2020-05-25 18:10:46.378307,5,1685,103,2.0
1686,2020-05-25 18:13:46.378307,4,1686,137,21.0
1687,2020-05-25 18:16:46.378307,5,1687,104,13.0
1688,2020-05-25 18:19:46.378307,15,1688,51,9.0
1689,2020-05-25 18:22:46.378307,11,1689,50,19.0
1690,2020-05-25 18:25:46.378307,14,1690,39,4.0
1691,2020-05-25 18:28:46.378307,12,1691,45,90.0
1692,2020-05-25 18:31:46.378307,2,1692,491,1.0
1693,2020-05-25 18:34:46.378307,2,1693,492,11.0
1694,2020-05-25 18:37:46.378307,14,1694,40,42.0
1695,2020-05-25 18:40:46.378307,3,1695,231,1.0
1696,2020-05-25 18:43:46.378307,3,1696,232,34.0
1697,2020-05-25 18:46:46.378307,15,1697,52,8.0
1698,2020-05-25 18:49:46.378307,9,1698,37,55.0
1699,2020-05-25 18:52:46.378307,8,1699,57,23.0
1700,2020-05-25 18:55:46.378307,5,1700,105,14.0
1701,2020-05-25 18:58:46.378307,7,1701,69,9.0
1702,2020-05-25 19:01:46.378307,6,1702,81,22.0
1703,2020-05-25 19:04:46.378307,18,1703,36,30.0
1704,2020-05-25 19:07:46.378307,2,1704,493,2.0
1705,2020-05-25 19:10:46.378307,15,1705,53,60.0
1706,2020-05-25 19:13:46.378307,2,1706,494,3.0
1707,2020-05-25 19:16:46.378307,4,1707,138,5.0
1708,2020-05-25 19:19:46.378307,11,1708,51,42.0
1709,2020-05-25 19:22:46.378307,2,1709,495,2.0
1710,2020-05-25 19:25:46.378307,7,1710,70,41.0
1711,2020-05-25 19:28:46.378307,2,1711,496,2.0
1712,2020-05-25 19:31:46.378307,4,1712,139,4.0
1713,2020-05-25 19:34:46.378307,2,1713,497,4.0
1714,2020-05-25 19:37:46.378307,5,1714,106,29.0
1715,2020-05-25 19:40:46.378307,20,1715,33,33.0
1716,2020-05-25 19:43:46.378307,4,1716,140,2.0
1717,2020-05-25 19:46:46.378307,2,1717,498,2.0
1718,2020-05-25 19:49:46.378307,4,1718,141,7.0
1719,2020-05-25 19:52:46.378307,2,1719,499,1.0
1720,2020-05-25 19:55:46.378307,2,1720,500,1.0
1721,2020-05-25 19:58:46.378307,2,1721,501,2.0
1722,2020-05-25 20:01:46.378307,8,1722,58,4.0
1723,2020-05-25 20:04:46.378307,2,1723,502,5.0
1724,2020-05-25 20:07:46.378307,6,1724,82,25.0
1725,2020-05-25 20:10:46.378307,4,1725,142,21.0
1726,2020-05-25 20:13:46.378307,8,1726,59,1.0
1727,2020-05-25 20:16:46.378307,8,1727,60,8.0
1728,2020-05-25 20:19:46.378307,2,1728,503,3.0
1729,2020-05-25 20:22:46.378307,19,1729,33,65.0
1730,2020-05-25 20:25:46.378307,3,1730,233,2.0
1731,2020-05-25 20:28:46.378307,2,1731,504,6.0
1732,2020-05-25 20:31:46.378307,3,1732,234,2.0
1733,2020-05-25 20:34:46.378307,18,1733,37,76.0
1734,2020-05-25 20:37:46.378307,3,1734,235,27.0
1735,2020-05-25 20:40:46.378307,8,1735,61,5.0
1736,2020-05-25 20:43:46.378307,14,1736,41,11.0
1737,2020-05-25 20:46:46.378307,2,1737,505,1.0
1738,2020-05-25 20:49:46.378307,2,1738,506,1.0
1739,2020-05-25 20:52:46.378307,2,1739,507,3.0
1740,2020-05-25 20:55:46.378307,8,1740,62,33.0
1741,2020-05-25 20:58:46.378307,10,1741,62,22.0
1742,2020-05-25 21:01:46.378307,2,1742,508,2.0
1743,2020-05-25 21:04:46.378307,5,1743,107,13.0
1744,2020-05-25 21:07:46.378307,2,1744,509,1.0
1745,2020-05-25 21:10:46.378307,2,1745,510,9.0
1746,2020-05-25 21:13:46.378307,4,1746,143,6.0
1747,2020-05-25 21:16:46.378307,14,1747,42,132.0
1748,2020-05-25 21:19:46.378307,20,1748,34,26.0
1749,2020-05-25 21:22:46.378307,6,1749,83,10.0
1750,2020-05-25 21:25:46.378307,11,1750,52,41.0
1751,2020-05-25 21:28:46.378307,7,1751,71,4.0
1752,2020-05-25 21:31:46.378307,4,1752,144,59.0
1753,2020-05-25 21:34:46.378307,9,1753,38,91.0
1754,2020-05-25 21:37:46.378307,2,1754,511,3.0
1755,2020-05-25 21:40:46.378307,7,1755,72,30.0
1756,2020-05-25 21:43:46.378307,5,1756,108,13.0
1757,2020-05-25 21:46:46.378307,2,1757,512,9.0
1758,2020-05-25 21:49:46.378307,17,1758,35,12.0
1759,2020-05-25 21:52:46.378307,6,1759,84,31.0
1760,2020-05-25 21:55:46.378307,1,1760,35,23.0
1761,2020-05-25 21:58:46.378307,3,1761,236,1.0
1762,2020-05-25 22:01:46.378307,3,1762,237,6.0
1763,2020-05-25 22:04:46.378307,10,1763,63,14.0
1764,2020-05-25 22:07:46.378307,16,1764,38,15.0
1765,2020-05-25 22:10:46.378307,15,1765,54,15.0
1766,2020-05-25 22:13:46.378307,2,1766,513,5.0
1767,2020-05-25 22:16:46.378307,13,1767,42,71.0
1768,2020-05-25 22:19:46.378307,3,1768,238,8.0
1769,2020-05-25 22:22:46.378307,5,1769,109,45.0
1770,2020-05-25 22:25:46.378307,17,1770,36,17.0
1771,2020-05-25 22:28:46.378307,2,1771,514,1.0
1772,2020-05-25 22:31:46.378307,2,1772,515,3.0
1773,2020-05-25 22:34:46.378307,8,1773,63,5.0
1774,2020-05-25 22:37:46.378307,20,1774,35,23.0
1775,2020-05-25 22:40:46.378307,2,1775,516,7.0
1776,2020-05-25 22:43:46.378307,3,1776,239,8.0
1777,2020-05-25 22:46:46.378307,10,1777,64,38.0
1778,2020-05-25 22:49:46.378307,8,1778,64,41.0
1779,2020-05-25 22:52:46.378307,16,1779,39,41.0
1780,2020-05-25 22:55:46.378307,15,1780,55,8.0
1781,2020-05-25 22:58:46.378307,12,1781,46,24.0
1782,2020-05-25 23:01:46.378307,2,1782,517,4.0
1783,2020-05-25 23:04:46.378307,1,1783,36,49.0
1784,2020-05-25 23:07:46.378307,3,1784,240,12.0
1785,2020-05-25 23:10:46.378307,7,1785,73,4.0
1786,2020-05-25 23:13:46.378307,2,1786,518,6.0
1787,2020-05-25 23:16:46.378307,17,1787,37,184.0
1788,2020-05-25 23:19:46.378307,15,1788,56,52.0
1789,2020-05-25 23:22:46.378307,7,1789,74,11.0
1790,2020-05-25 23:25:46.378307,6,1790,85,23.0
1791,2020-05-25 23:28:46.378307,11,1791,53,39.0
1792,2020-05-25 23:31:46.378307,2,1792,519,1.0
1793,2020-05-25 23:34:46.378307,2,1793,520,2.0
1794,2020-05-25 23:37:46.378307,19,1794,34,62.0
1795,2020-05-25 23:40:46.378307,2,1795,521,3.0
1796,2020-05-25 23:43:46.378307,3,1796,241,5.0
1797,2020-05-25 23:46:46.378307,20,1797,36,31.0
1798,2020-05-25 23:49:46.378307,2,1798,522,1.0
1799,2020-05-25 23:52:46.378307,2,1799,523,4.0
1800,2020-05-25 23:55:46.378307,7,1800,75,60.0
1801,2020-05-25 23:58:46.378307,3,1801,242,1.0
1802,2020-05-26 00:01:46.378307,3,1802,243,5.0
1803,2020-05-26 00:04:46.378307,2,1803,524,1.0
1804,2020-05-26 00:07:46.378307,2,1804,525,2.0
1805,2020-05-26 00:10:46.378307,12,1805,47,32.0
1806,2020-05-26 00:13:46.378307,2,1806,526,2.0
1807,2020-05-26 00:16:46.378307,3,1807,244,9.0
1808,2020-05-26 00:19:46.378307,2,1808,527,2.0
1809,2020-05-26 00:22:46.378307,18,1809,38,60.0
1810,2020-05-26 00:25:46.378307,2,1810,528,2.0
1811,2020-05-26 00:28:46.378307,4,1811,145,10.0
1812,2020-05-26 00:31:46.378307,2,1812,529,6.0
1813,2020-05-26 00:34:46.378307,6,1813,86,22.0
1814,2020-05-26 00:37:46.378307,5,1814,110,3.0
1815,2020-05-26 00:40:46.378307,10,1815,65,37.0
1816,2020-05-26 00:43:46.378307,3,1816,245,13.0
1817,2020-05-26 00:46:46.378307,5,1817,111,14.0
1818,2020-05-26 00:49:46.378307,2,1818,530,5.0
1819,2020-05-26 00:52:46.378307,8,1819,65,3.0
1820,2020-05-26 00:55:46.378307,16,1820,40,39.0
1821,2020-05-26 00:58:46.378307,4,1821,146,6.0
1822,2020-05-26 01:01:46.378307,8,1822,66,3.0
1823,2020-05-26 01:04:46.378307,2,1823,531,1.0
1824,2020-05-26 01:07:46.378307,2,1824,532,9.0
1825,2020-05-26 01:10:46.378307,8,1825,67,1.0
1826,2020-05-26 01:13:46.378307,8,1826,68,67.0
1827,2020-05-26 01:16:46.378307,4,1827,147,14.0
1828,2020-05-26 01:19:46.378307,20,1828,37,77.0
1829,2020-05-26 01:22:46.378307,3,1829,246,13.0
1830,2020-05-26 01:25:46.378307,11,1830,54,13.0
1831,2020-05-26 01:28:46.378307,5,1831,112,8.0
1832,2020-05-26 01:31:46.378307,1,1832,37,4.0
1833,2020-05-26 01:34:46.378307,2,1833,533,1.0
1834,2020-05-26 01:37:46.378307,2,1834,534,11.0
1835,2020-05-26 01:40:46.378307,6,1835,87,14.0
1836,2020-05-26 01:43:46.378307,1,1836,38,54.0
1837,2020-05-26 01:46:46.378307,12,1837,48,67.0
1838,2020-05-26 01:49:46.378307,13,1838,43,58.0
1839,2020-05-26 01:52:46.378307,5,1839,113,9.0
1840,2020-05-26 01:55:46.378307,15,1840,57,21.0
1841,2020-05-26 01:58:46.378307,4,1841,148,12.0
1842,2020-05-26 02:01:46.378307,3,1842,247,21.0
1843,2020-05-26 02:04:46.378307,11,1843,55,72.0
1844,2020-05-26 02:07:46.378307,9,1844,39,10.0
1845,2020-05-26 02:10:46.378307,2,1845,535,1.0
1846,2020-05-26 02:13:46.378307,2,1846,536,1.0
1847,2020-05-26 02:16:46.378307,2,1847,537,3.0
1848,2020-05-26 02:19:46.378307,5,1848,114,38.0
1849,2020-05-26 02:22:46.378307,6,1849,88,8.0
1850,2020-05-26 02:25:46.378307,2,1850,538,1.0
1851,2020-05-26 02:28:46.378307,2,1851,539,4.0
1852,2020-05-26 02:31:46.378307,10,1852,66,6.0
1853,2020-05-26 02:34:46.378307,4,1853,149,22.0
1854,2020-05-26 02:37:46.378307,9,1854,40,48.0
1855,2020-05-26 02:40:46.378307,2,1855,540,13.0
1856,2020-05-26 02:43:46.378307,19,1856,35,85.0
1857,2020-05-26 02:46:46.378307,6,1857,89,5.0
1858,2020-05-26 02:49:46.378307,10,1858,67,37.0
1859,2020-05-26 02:52:46.378307,16,1859,41,7.0
1860,2020-05-26 02:55:46.378307,7,1860,76,52.0
1861,2020-05-26 02:58:46.378307,15,1861,58,36.0
1862,2020-05-26 03:01:46.378307,6,1862,90,5.0
1863,2020-05-26 03:04:46.378307,3,1863,248,1.0
1864,2020-05-26 03:07:46.378307,3,1864,249,1.0
1865,2020-05-26 03:10:46.378307,3,1865,250,12.0
1866,2020-05-26 03:13:46.378307,16,1866,42,4.0
1867,2020-05-26 03:16:46.378307,6,1867,91,7.0
1868,2020-05-26 03:19:46.378307,2,1868,541,3.0
1869,2020-05-26 03:22:46.378307,18,1869,39,63.0
1870,2020-05-26 03:25:46.378307,16,1870,43,3.0
1871,2020-05-26 03:28:46.378307,2,1871,542,1.0
1872,2020-05-26 03:31:46.378307,2,1872,543,4.0
1873,2020-05-26 03:34:46.378307,16,1873,44,49.0
1874,2020-05-26 03:37:46.378307,6,1874,92,33.0
1875,2020-05-26 03:40:46.378307,4,1875,150,46.0
1876,2020-05-26 03:43:46.378307,2,1876,544,2.0
1877,2020-05-26 03:46:46.378307,3,1877,251,10.0
1878,2020-05-26 03:49:46.378307,2,1878,545,2.0
1879,2020-05-26 03:52:46.378307,14,1879,43,13.0
1880,2020-05-26 03:55:46.378307,2,1880,546,1.0
1881,2020-05-26 03:58:46.378307,2,1881,547,1.0
1882,2020-05-26 04:01:46.378307,2,1882,548,1.0
1883,2020-05-26 04:04:46.378307,2,1883,549,1.0
1884,2020-05-26 04:07:46.378307,2,1884,550,1.0
1885,2020-05-26 04:10:46.378307,2,1885,551,4.0
1886,2020-05-26 04:13:46.378307,5,1886,115,2.0
1887,2020-05-26 04:16:46.378307,3,1887,252,19.0
1888,2020-05-26 04:19:46.378307,5,1888,116,12.0
1889,2020-05-26 04:22:46.378307,2,1889,552,2.0
1890,2020-05-26 04:25:46.378307,1,1890,39,4.0
1891,2020-05-26 04:28:46.378307,2,1891,553,8.0
1892,2020-05-26 04:31:46.378307,14,1892,44,17.0
1893,2020-05-26 04:34:46.378307,8,1893,69,34.0
1894,2020-05-26 04:37:46.378307,1,1894,40,89.0
1895,2020-05-26 04:40:46.378307,10,1895,68,3.0
1896,2020-05-26 04:43:46.378307,13,1896,44,15.0
1897,2020-05-26 04:46:46.378307,15,1897,59,26.0
1898,2020-05-26 04:49:46.378307,10,1898,69,5.0
1899,2020-05-26 04:52:46.378307,2,1899,554,2.0
1900,2020-05-26 04:55:46.378307,5,1900,117,25.0
1901,2020-05-26 04:58:46.378307,2,1901,555,9.0
1902,2020-05-26 05:01:46.378307,9,1902,41,
1903,2020-05-26 05:04:46.378307,10,1903,70,32.0
1904,2020-05-26 05:07:46.378307,12,1904,49,30.0
1905,2020-05-26 05:10:46.378307,20,1905,38,
1906,2020-05-26 05:13:46.378307,3,1906,253,2.0
1907,2020-05-26 05:16:46.378307,6,1907,93,12.0
1908,2020-05-26 05:19:46.378307,3,1908,254,8.0
1909,2020-05-26 05:22:46.378307,14,1909,45,21.0
1910,2020-05-26 05:25:46.378307,2,1910,556,3.0
1911,2020-05-26 05:28:46.378307,13,1911,45,37.0
1912,2020-05-26 05:31:46.378307,7,1912,77,69.0
1913,2020-05-26 05:34:46.378307,2,1913,557,1.0
1914,2020-05-26 05:37:46.378307,2,1914,558,3.0
1915,2020-05-26 05:40:46.378307,11,1915,56,57.0
1916,2020-05-26 05:43:46.378307,3,1916,255,10.0
1917,2020-05-26 05:46:46.378307,2,1917,559,1.0
1918,2020-05-26 05:49:46.378307,2,1918,560,11.0
1919,2020-05-26 05:52:46.378307,6,1919,94,1.0
1920,2020-05-26 05:55:46.378307,6,1920,95,20.0
1921,2020-05-26 05:58:46.378307,4,1921,151,3.0
1922,2020-05-26 06:01:46.378307,16,1922,45,27.0
1923,2020-05-26 06:04:46.378307,15,1923,60,28.0
1924,2020-05-26 06:07:46.378307,4,1924,152,29.0
1925,2020-05-26 06:10:46.378307,5,1925,118,13.0
1926,2020-05-26 06:13:46.378307,3,1926,256,2.0
1927,2020-05-26 06:16:46.378307,8,1927,70,10.0
1928,2020-05-26 06:19:46.378307,3,1928,257,8.0
1929,2020-05-26 06:22:46.378307,2,1929,561,2.0
1930,2020-05-26 06:25:46.378307,14,1930,46,3.0
1931,2020-05-26 06:28:46.378307,2,1931,562,8.0
1932,2020-05-26 06:31:46.378307,18,1932,40,34.0
1933,2020-05-26 06:34:46.378307,14,1933,47,13.0
1934,2020-05-26 06:37:46.378307,12,1934,50,51.0
1935,2020-05-26 06:40:46.378307,10,1935,71,
1936,2020-05-26 06:43:46.378307,3,1936,258,8.0
1937,2020-05-26 06:46:46.378307,8,1937,71,18.0
1938,2020-05-26 06:49:46.378307,5,1938,119,20.0
1939,2020-05-26 06:52:46.378307,2,1939,563,3.0
1940,2020-05-26 06:55:46.378307,6,1940,96,5.0
1941,2020-05-26 06:58:46.378307,19,1941,36,
1942,2020-05-26 07:01:46.378307,2,1942,564,1.0
1943,2020-05-26 07:04:46.378307,2,1943,565,4.0
1944,2020-05-26 07:07:46.378307,3,1944,259,15.0
1945,2020-05-26 07:10:46.378307,6,1945,97,19.0
1946,2020-05-26 07:13:46.378307,14,1946,48,15.0
1947,2020-05-26 07:16:46.378307,2,1947,566,3.0
1948,2020-05-26 07:19:46.378307,13,1948,46,
1949,2020-05-26 07:22:46.378307,16,1949,46,8.0
1950,2020-05-26 07:25:46.378307,2,1950,567,2.0
1951,2020-05-26 07:28:46.378307,15,1951,61,3.0
1952,2020-05-26 07:31:46.378307,2,1952,568,4.0
1953,2020-05-26 07:34:46.378307,4,1953,153,
1954,2020-05-26 07:37:46.378307,15,1954,62,19.0
1955,2020-05-26 07:40:46.378307,8,1955,72,14.0
1956,2020-05-26 07:43:46.378307,2,1956,569,6.0
1957,2020-05-26 07:46:46.378307,16,1957,47,19.0
1958,2020-05-26 07:49:46.378307,5,1958,120,2.0
1959,2020-05-26 07:52:46.378307,3,1959,260,6.0
1960,2020-05-26 07:55:46.378307,5,1960,121,7.0
1961,2020-05-26 07:58:46.378307,14,1961,49,
1962,2020-05-26 08:01:46.378307,2,1962,570,1.0
1963,2020-05-26 08:04:46.378307,2,1963,571,5.0
1964,2020-05-26 08:07:46.378307,6,1964,98,
1965,2020-05-26 08:10:46.378307,3,1965,261,13.0
1966,2020-05-26 08:13:46.378307,18,1966,41,23.0
1967,2020-05-26 08:16:46.378307,5,1967,122,10.0
1968,2020-05-26 08:19:46.378307,2,1968,572,2.0
1969,2020-05-26 08:22:46.378307,8,1969,73,24.0
1970,2020-05-26 08:25:46.378307,2,1970,573,4.0
1971,2020-05-26 08:28:46.378307,17,1971,38,
1972,2020-05-26 08:31:46.378307,11,1972,57,
1973,2020-05-26 08:34:46.378307,15,1973,63,
1974,2020-05-26 08:37:46.378307,2,1974,574,1.0
1975,2020-05-26 08:40:46.378307,2,1975,575,4.0
1976,2020-05-26 08:43:46.378307,16,1976,48,
1977,2020-05-26 08:46:46.378307,5,1977,123,
1978,2020-05-26 08:49:46.378307,3,1978,262,2.0
1979,2020-05-26 08:52:46.378307,2,1979,576,3.0
1980,2020-05-26 08:55:46.378307,3,1980,263,6.0
1981,2020-05-26 08:58:46.378307,7,1981,78,11.0
1982,2020-05-26 09:01:46.378307,2,1982,577,2.0
1983,2020-05-26 09:04:46.378307,1,1983,41,5.0
1984,2020-05-26 09:07:46.378307,2,1984,578,3.0
1985,2020-05-26 09:10:46.378307,12,1985,51,
1986,2020-05-26 09:13:46.378307,3,1986,264,
1987,2020-05-26 09:16:46.378307,2,1987,579,4.0
1988,2020-05-26 09:19:46.378307,1,1988,42,2.0
1989,2020-05-26 09:22:46.378307,18,1989,42,
1990,2020-05-26 09:25:46.378307,1,1990,43,9.0
1991,2020-05-26 09:28:46.378307,2,1991,580,3.0
1992,2020-05-26 09:31:46.378307,7,1992,79,6.0
1993,2020-05-26 09:34:46.378307,8,1993,74,
1994,2020-05-26 09:37:46.378307,2,1994,581,1.0
1995,2020-05-26 09:40:46.378307,2,1995,582,1.0
1996,2020-05-26 09:43:46.378307,2,1996,583,1.0
1997,2020-05-26 09:46:46.378307,2,1997,584,
1998,2020-05-26 09:49:46.378307,7,1998,80,
1999,2020-05-26 09:52:46.378307,1,1999,44,
