Time,Cache_id,cache_time,no,cache_next,cache_occurance
2020-05-22 05:55:46.378307,2,1.0,0,2.0,1
2020-05-22 05:58:46.378307,16,181.0,1,32.0,1
2020-05-22 06:01:46.378307,2,361.0,2,4.0,2
2020-05-22 06:04:46.378307,20,541.0,3,138.0,1
2020-05-22 06:07:46.378307,2,721.0,4,5.0,3
2020-05-22 06:10:46.378307,2,901.0,5,6.0,4
2020-05-22 06:13:46.378307,2,1081.0,6,9.0,5
2020-05-22 06:16:46.378307,3,1261.0,7,8.0,1
2020-05-22 06:19:46.378307,3,1441.0,8,18.0,2
2020-05-22 06:22:46.378307,2,1621.0,9,10.0,6
2020-05-22 06:25:46.378307,2,1801.0,10,12.0,7
2020-05-22 06:28:46.378307,9,1981.0,11,54.0,1
2020-05-22 06:31:46.378307,2,2161.0,12,13.0,8
2020-05-22 06:34:46.378307,2,2341.0,13,15.0,9
2020-05-22 06:37:46.378307,17,2521.0,14,184.0,1
2020-05-22 06:40:46.378307,2,2701.0,15,20.0,10
2020-05-22 06:43:46.378307,5,2881.0,16,17.0,1
2020-05-22 06:46:46.378307,5,3061.0,17,30.0,2
2020-05-22 06:49:46.378307,3,3241.0,18,21.0,3
2020-05-22 06:52:46.378307,18,3421.0,19,35.0,1
2020-05-22 06:55:46.378307,2,3601.0,20,22.0,11
2020-05-22 06:58:46.378307,3,3781.0,21,25.0,4
2020-05-22 07:01:46.378307,2,3961.0,22,23.0,12
2020-05-22 07:04:46.378307,2,4141.0,23,42.0,13
2020-05-22 07:07:46.378307,4,4321.0,24,60.0,1
2020-05-22 07:10:46.378307,3,4501.0,25,33.0,5
2020-05-22 07:13:46.378307,6,4681.0,26,31.0,1
2020-05-22 07:16:46.378307,19,4861.0,27,65.0,1
2020-05-22 07:19:46.378307,10,5041.0,28,41.0,1
2020-05-22 07:22:46.378307,7,5221.0,29,53.0,1
2020-05-22 07:25:46.378307,5,5401.0,30,73.0,3
2020-05-22 07:28:46.378307,6,5581.0,31,34.0,2
2020-05-22 07:31:46.378307,16,5761.0,32,128.0,2
2020-05-22 07:34:46.378307,3,5941.0,33,36.0,6
2020-05-22 07:37:46.378307,6,6121.0,34,51.0,3
2020-05-22 07:40:46.378307,18,6301.0,35,80.0,2
2020-05-22 07:43:46.378307,3,6481.0,36,37.0,7
2020-05-22 07:46:46.378307,3,6661.0,37,39.0,8
2020-05-22 07:49:46.378307,8,6841.0,38,43.0,1
2020-05-22 07:52:46.378307,3,7021.0,39,47.0,9
2020-05-22 07:55:46.378307,1,7201.0,40,45.0,1
2020-05-22 07:58:46.378307,10,7381.0,41,57.0,2
2020-05-22 08:01:46.378307,2,7561.0,42,44.0,14
2020-05-22 08:04:46.378307,8,7741.0,43,50.0,2
2020-05-22 08:07:46.378307,2,7921.0,44,58.0,15
2020-05-22 08:10:46.378307,1,8101.0,45,63.0,2
2020-05-22 08:13:46.378307,12,8281.0,46,72.0,1
2020-05-22 08:16:46.378307,3,8461.0,47,48.0,10
2020-05-22 08:19:46.378307,3,8641.0,48,52.0,11
2020-05-22 08:22:46.378307,13,8821.0,49,87.0,1
2020-05-22 08:25:46.378307,8,9001.0,50,69.0,3
2020-05-22 08:28:46.378307,6,9181.0,51,55.0,4
2020-05-22 08:31:46.378307,3,9361.0,52,56.0,12
2020-05-22 08:34:46.378307,7,9541.0,53,67.0,2
2020-05-22 08:37:46.378307,9,9721.0,54,144.0,2
2020-05-22 08:40:46.378307,6,9901.0,55,61.0,5
2020-05-22 08:43:46.378307,3,10081.0,56,78.0,13
2020-05-22 08:46:46.378307,10,10261.0,57,85.0,3
2020-05-22 08:49:46.378307,2,10441.0,58,59.0,16
2020-05-22 08:52:46.378307,2,10621.0,59,64.0,17
2020-05-22 08:55:46.378307,4,10801.0,60,71.0,2
2020-05-22 08:58:46.378307,6,10981.0,61,70.0,6
2020-05-22 09:01:46.378307,11,11161.0,62,84.0,1
2020-05-22 09:04:46.378307,1,11341.0,63,86.0,3
2020-05-22 09:07:46.378307,2,11521.0,64,66.0,18
2020-05-22 09:10:46.378307,19,11701.0,65,79.0,2
2020-05-22 09:13:46.378307,2,11881.0,66,68.0,19
2020-05-22 09:16:46.378307,7,12061.0,67,108.0,3
2020-05-22 09:19:46.378307,2,12241.0,68,74.0,20
2020-05-22 09:22:46.378307,8,12421.0,69,93.0,4
2020-05-22 09:25:46.378307,6,12601.0,70,77.0,7
2020-05-22 09:28:46.378307,4,12781.0,71,75.0,3
2020-05-22 09:31:46.378307,12,12961.0,72,81.0,2
2020-05-22 09:34:46.378307,5,13141.0,73,124.0,4
2020-05-22 09:37:46.378307,2,13321.0,74,76.0,21
2020-05-22 09:40:46.378307,4,13501.0,75,95.0,4
2020-05-22 09:43:46.378307,2,13681.0,76,83.0,22
2020-05-22 09:46:46.378307,6,13861.0,77,175.0,8
2020-05-22 09:49:46.378307,3,14041.0,78,82.0,14
2020-05-22 09:52:46.378307,19,14221.0,79,94.0,3
2020-05-22 09:55:46.378307,18,14401.0,80,88.0,3
2020-05-22 09:58:46.378307,12,14581.0,81,142.0,3
2020-05-22 10:01:46.378307,3,14761.0,82,91.0,15
2020-05-22 10:04:46.378307,2,14941.0,83,90.0,23
2020-05-22 10:07:46.378307,11,15121.0,84,104.0,2
2020-05-22 10:10:46.378307,10,15301.0,85,89.0,4
2020-05-22 10:13:46.378307,1,15481.0,86,107.0,4
2020-05-22 10:16:46.378307,13,15661.0,87,114.0,2
2020-05-22 10:19:46.378307,18,15841.0,88,115.0,4
2020-05-22 10:22:46.378307,10,16021.0,89,103.0,5
2020-05-22 10:25:46.378307,2,16201.0,90,92.0,24
2020-05-22 10:28:46.378307,3,16381.0,91,98.0,16
2020-05-22 10:31:46.378307,2,16561.0,92,96.0,25
2020-05-22 10:34:46.378307,8,16741.0,93,99.0,5
2020-05-22 10:37:46.378307,19,16921.0,94,171.0,4
2020-05-22 10:40:46.378307,4,17101.0,95,102.0,5
2020-05-22 10:43:46.378307,2,17281.0,96,97.0,26
2020-05-22 10:46:46.378307,2,17461.0,97,100.0,27
2020-05-22 10:49:46.378307,3,17641.0,98,126.0,17
2020-05-22 10:52:46.378307,8,17821.0,99,135.0,6
2020-05-22 10:55:46.378307,2,18001.0,100,106.0,28
2020-05-22 10:58:46.378307,15,18181.0,101,118.0,1
2020-05-22 11:01:46.378307,4,18361.0,102,109.0,6
2020-05-22 11:04:46.378307,10,18541.0,103,112.0,6
2020-05-22 11:07:46.378307,11,18721.0,104,143.0,3
2020-05-22 11:10:46.378307,14,18901.0,105,127.0,1
2020-05-22 11:13:46.378307,2,19081.0,106,110.0,29
2020-05-22 11:16:46.378307,1,19261.0,107,125.0,5
2020-05-22 11:19:46.378307,7,19441.0,108,116.0,4
2020-05-22 11:22:46.378307,4,19621.0,109,129.0,7
2020-05-22 11:25:46.378307,2,19801.0,110,111.0,30
2020-05-22 11:28:46.378307,2,19981.0,111,113.0,31
2020-05-22 11:31:46.378307,10,20161.0,112,119.0,7
2020-05-22 11:34:46.378307,2,20341.0,113,117.0,32
2020-05-22 11:37:46.378307,13,20521.0,114,133.0,3
2020-05-22 11:40:46.378307,18,20701.0,115,151.0,5
2020-05-22 11:43:46.378307,7,20881.0,116,120.0,5
2020-05-22 11:46:46.378307,2,21061.0,117,121.0,33
2020-05-22 11:49:46.378307,15,21241.0,118,150.0,2
2020-05-22 11:52:46.378307,10,21421.0,119,134.0,8
2020-05-22 11:55:46.378307,7,21601.0,120,152.0,6
2020-05-22 11:58:46.378307,2,21781.0,121,122.0,34
2020-05-22 12:01:46.378307,2,21961.0,122,123.0,35
2020-05-22 12:04:46.378307,2,22141.0,123,130.0,36
2020-05-22 12:07:46.378307,5,22321.0,124,166.0,5
2020-05-22 12:10:46.378307,1,22501.0,125,136.0,6
2020-05-22 12:13:46.378307,3,22681.0,126,137.0,18
2020-05-22 12:16:46.378307,14,22861.0,127,148.0,2
2020-05-22 12:19:46.378307,16,23041.0,128,197.0,3
2020-05-22 12:22:46.378307,4,23221.0,129,141.0,8
2020-05-22 12:25:46.378307,2,23401.0,130,131.0,37
2020-05-22 12:28:46.378307,2,23581.0,131,132.0,38
2020-05-22 12:31:46.378307,2,23761.0,132,140.0,39
2020-05-22 12:34:46.378307,13,23941.0,133,185.0,4
2020-05-22 12:37:46.378307,10,24121.0,134,191.0,9
2020-05-22 12:40:46.378307,8,24301.0,135,168.0,7
2020-05-22 12:43:46.378307,1,24481.0,136,155.0,7
2020-05-22 12:46:46.378307,3,24661.0,137,139.0,19
2020-05-22 12:49:46.378307,20,24841.0,138,164.0,2
2020-05-22 12:52:46.378307,3,25021.0,139,147.0,20
2020-05-22 12:55:46.378307,2,25201.0,140,146.0,40
2020-05-22 12:58:46.378307,4,25381.0,141,207.0,9
2020-05-22 13:01:46.378307,12,25561.0,142,230.0,4
2020-05-22 13:04:46.378307,11,25741.0,143,189.0,4
2020-05-22 13:07:46.378307,9,25921.0,144,145.0,3
2020-05-22 13:10:46.378307,9,26101.0,145,161.0,4
2020-05-22 13:13:46.378307,2,26281.0,146,149.0,41
2020-05-22 13:16:46.378307,3,26461.0,147,156.0,21
2020-05-22 13:19:46.378307,14,26641.0,148,157.0,3
2020-05-22 13:22:46.378307,2,26821.0,149,153.0,42
2020-05-22 13:25:46.378307,15,27001.0,150,167.0,3
2020-05-22 13:28:46.378307,18,27181.0,151,291.0,6
2020-05-22 13:31:46.378307,7,27361.0,152,170.0,7
2020-05-22 13:34:46.378307,2,27541.0,153,154.0,43
2020-05-22 13:37:46.378307,2,27721.0,154,159.0,44
2020-05-22 13:40:46.378307,1,27901.0,155,387.0,8
2020-05-22 13:43:46.378307,3,28081.0,156,158.0,22
2020-05-22 13:46:46.378307,14,28261.0,157,233.0,4
2020-05-22 13:49:46.378307,3,28441.0,158,160.0,23
2020-05-22 13:52:46.378307,2,28621.0,159,162.0,45
2020-05-22 13:55:46.378307,3,28801.0,160,183.0,24
2020-05-22 13:58:46.378307,9,28981.0,161,165.0,5
2020-05-22 14:01:46.378307,2,29161.0,162,163.0,46
2020-05-22 14:04:46.378307,2,29341.0,163,169.0,47
2020-05-22 14:07:46.378307,20,29521.0,164,179.0,3
2020-05-22 14:10:46.378307,9,29701.0,165,177.0,6
2020-05-22 14:13:46.378307,5,29881.0,166,176.0,6
2020-05-22 14:16:46.378307,15,30061.0,167,174.0,4
2020-05-22 14:19:46.378307,8,30241.0,168,221.0,8
2020-05-22 14:22:46.378307,2,30421.0,169,172.0,48
2020-05-22 14:25:46.378307,7,30601.0,170,249.0,8
2020-05-22 14:28:46.378307,19,30781.0,171,201.0,5
2020-05-22 14:31:46.378307,2,30961.0,172,173.0,49
2020-05-22 14:34:46.378307,2,31141.0,173,178.0,50
2020-05-22 14:37:46.378307,15,31321.0,174,180.0,5
2020-05-22 14:40:46.378307,6,31501.0,175,210.0,9
2020-05-22 14:43:46.378307,5,31681.0,176,225.0,7
2020-05-22 14:46:46.378307,9,31861.0,177,217.0,7
2020-05-22 14:49:46.378307,2,32041.0,178,181.0,51
2020-05-22 14:52:46.378307,20,32221.0,179,186.0,4
2020-05-22 14:55:46.378307,15,32401.0,180,199.0,6
2020-05-22 14:58:46.378307,2,32581.0,181,182.0,52
2020-05-22 15:01:46.378307,2,32761.0,182,187.0,53
2020-05-22 15:04:46.378307,3,32941.0,183,195.0,25
2020-05-22 15:07:46.378307,17,33121.0,184,333.0,2
2020-05-22 15:10:46.378307,13,33301.0,185,223.0,5
2020-05-22 15:13:46.378307,20,33481.0,186,252.0,5
2020-05-22 15:16:46.378307,2,33661.0,187,188.0,54
2020-05-22 15:19:46.378307,2,33841.0,188,190.0,55
2020-05-22 15:22:46.378307,11,34021.0,189,229.0,5
2020-05-22 15:25:46.378307,2,34201.0,190,192.0,56
2020-05-22 15:28:46.378307,10,34381.0,191,215.0,10
2020-05-22 15:31:46.378307,2,34561.0,192,193.0,57
2020-05-22 15:34:46.378307,2,34741.0,193,194.0,58
2020-05-22 15:37:46.378307,2,34921.0,194,196.0,59
2020-05-22 15:40:46.378307,3,35101.0,195,200.0,26
2020-05-22 15:43:46.378307,2,35281.0,196,198.0,60
2020-05-22 15:46:46.378307,16,35461.0,197,211.0,4
2020-05-22 15:49:46.378307,2,35641.0,198,202.0,61
2020-05-22 15:52:46.378307,15,35821.0,199,205.0,7
2020-05-22 15:55:46.378307,3,36001.0,200,213.0,27
2020-05-22 15:58:46.378307,19,36181.0,201,208.0,6
2020-05-22 16:01:46.378307,2,36361.0,202,203.0,62
2020-05-22 16:04:46.378307,2,36541.0,203,204.0,63
2020-05-22 16:07:46.378307,2,36721.0,204,209.0,64
2020-05-22 16:10:46.378307,15,36901.0,205,206.0,8
2020-05-22 16:13:46.378307,15,37081.0,206,214.0,9
2020-05-22 16:16:46.378307,4,37261.0,207,231.0,10
2020-05-22 16:19:46.378307,19,37441.0,208,415.0,7
2020-05-22 16:22:46.378307,2,37621.0,209,212.0,65
2020-05-22 16:25:46.378307,6,37801.0,210,218.0,10
2020-05-22 16:28:46.378307,16,37981.0,211,245.0,5
2020-05-22 16:31:46.378307,2,38161.0,212,216.0,66
2020-05-22 16:34:46.378307,3,38341.0,213,219.0,28
2020-05-22 16:37:46.378307,15,38521.0,214,227.0,10
2020-05-22 16:40:46.378307,10,38701.0,215,220.0,11
2020-05-22 16:43:46.378307,2,38881.0,216,222.0,67
2020-05-22 16:46:46.378307,9,39061.0,217,228.0,8
2020-05-22 16:49:46.378307,6,39241.0,218,242.0,11
2020-05-22 16:52:46.378307,3,39421.0,219,236.0,29
2020-05-22 16:55:46.378307,10,39601.0,220,253.0,12
2020-05-22 16:58:46.378307,8,39781.0,221,275.0,9
2020-05-22 17:01:46.378307,2,39961.0,222,235.0,68
2020-05-22 17:04:46.378307,13,40141.0,223,224.0,6
2020-05-22 17:07:46.378307,13,40321.0,224,226.0,7
2020-05-22 17:10:46.378307,5,40501.0,225,254.0,8
2020-05-22 17:13:46.378307,13,40681.0,226,243.0,8
2020-05-22 17:16:46.378307,15,40861.0,227,263.0,11
2020-05-22 17:19:46.378307,9,41041.0,228,273.0,9
2020-05-22 17:22:46.378307,11,41221.0,229,296.0,6
2020-05-22 17:25:46.378307,12,41401.0,230,269.0,5
2020-05-22 17:28:46.378307,4,41581.0,231,232.0,11
2020-05-22 17:31:46.378307,4,41761.0,232,234.0,12
2020-05-22 17:34:46.378307,14,41941.0,233,237.0,5
2020-05-22 17:37:46.378307,4,42121.0,234,260.0,13
2020-05-22 17:40:46.378307,2,42301.0,235,238.0,69
2020-05-22 17:43:46.378307,3,42481.0,236,239.0,30
2020-05-22 17:46:46.378307,14,42661.0,237,251.0,6
2020-05-22 17:49:46.378307,2,42841.0,238,241.0,70
2020-05-22 17:52:46.378307,3,43021.0,239,240.0,31
2020-05-22 17:55:46.378307,3,43201.0,240,255.0,32
2020-05-22 17:58:46.378307,2,43381.0,241,244.0,71
2020-05-22 18:01:46.378307,6,43561.0,242,246.0,12
2020-05-22 18:04:46.378307,13,43741.0,243,268.0,9
2020-05-22 18:07:46.378307,2,43921.0,244,247.0,72
2020-05-22 18:10:46.378307,16,44101.0,245,327.0,6
2020-05-22 18:13:46.378307,6,44281.0,246,248.0,13
2020-05-22 18:16:46.378307,2,44461.0,247,250.0,73
2020-05-22 18:19:46.378307,6,44641.0,248,261.0,14
2020-05-22 18:22:46.378307,7,44821.0,249,295.0,9
2020-05-22 18:25:46.378307,2,45001.0,250,257.0,74
2020-05-22 18:28:46.378307,14,45181.0,251,284.0,7
2020-05-22 18:31:46.378307,20,45361.0,252,329.0,6
2020-05-22 18:34:46.378307,10,45541.0,253,312.0,13
2020-05-22 18:37:46.378307,5,45721.0,254,256.0,9
2020-05-22 18:40:46.378307,3,45901.0,255,274.0,33
2020-05-22 18:43:46.378307,5,46081.0,256,320.0,10
2020-05-22 18:46:46.378307,2,46261.0,257,258.0,75
2020-05-22 18:49:46.378307,2,46441.0,258,259.0,76
2020-05-22 18:52:46.378307,2,46621.0,259,262.0,77
2020-05-22 18:55:46.378307,4,46801.0,260,265.0,14
2020-05-22 18:58:46.378307,6,46981.0,261,306.0,15
2020-05-22 19:01:46.378307,2,47161.0,262,264.0,78
2020-05-22 19:04:46.378307,15,47341.0,263,290.0,12
2020-05-22 19:07:46.378307,2,47521.0,264,267.0,79
2020-05-22 19:10:46.378307,4,47701.0,265,266.0,15
2020-05-22 19:13:46.378307,4,47881.0,266,271.0,16
2020-05-22 19:16:46.378307,2,48061.0,267,270.0,80
2020-05-22 19:19:46.378307,13,48241.0,268,298.0,10
2020-05-22 19:22:46.378307,12,48421.0,269,286.0,6
2020-05-22 19:25:46.378307,2,48601.0,270,280.0,81
2020-05-22 19:28:46.378307,4,48781.0,271,272.0,17
2020-05-22 19:31:46.378307,4,48961.0,272,281.0,18
2020-05-22 19:34:46.378307,9,49141.0,273,294.0,10
2020-05-22 19:37:46.378307,3,49321.0,274,276.0,34
2020-05-22 19:40:46.378307,8,49501.0,275,277.0,10
2020-05-22 19:43:46.378307,3,49681.0,276,278.0,35
2020-05-22 19:46:46.378307,8,49861.0,277,317.0,11
2020-05-22 19:49:46.378307,3,50041.0,278,279.0,36
2020-05-22 19:52:46.378307,3,50221.0,279,287.0,37
2020-05-22 19:55:46.378307,2,50401.0,280,283.0,82
2020-05-22 19:58:46.378307,4,50581.0,281,282.0,19
2020-05-22 20:01:46.378307,4,50761.0,282,313.0,20
2020-05-22 20:04:46.378307,2,50941.0,283,285.0,83
2020-05-22 20:07:46.378307,14,51121.0,284,309.0,8
2020-05-22 20:10:46.378307,2,51301.0,285,288.0,84
2020-05-22 20:13:46.378307,12,51481.0,286,484.0,7
2020-05-22 20:16:46.378307,3,51661.0,287,299.0,38
2020-05-22 20:19:46.378307,2,51841.0,288,289.0,85
2020-05-22 20:22:46.378307,2,52021.0,289,292.0,86
2020-05-22 20:25:46.378307,15,52201.0,290,371.0,13
2020-05-22 20:28:46.378307,18,52381.0,291,378.0,7
2020-05-22 20:31:46.378307,2,52561.0,292,293.0,87
2020-05-22 20:34:46.378307,2,52741.0,293,297.0,88
2020-05-22 20:37:46.378307,9,52921.0,294,310.0,11
2020-05-22 20:40:46.378307,7,53101.0,295,314.0,10
2020-05-22 20:43:46.378307,11,53281.0,296,345.0,7
2020-05-22 20:46:46.378307,2,53461.0,297,300.0,89
2020-05-22 20:49:46.378307,13,53641.0,298,338.0,11
2020-05-22 20:52:46.378307,3,53821.0,299,318.0,39
2020-05-22 20:55:46.378307,2,54001.0,300,301.0,90
2020-05-22 20:58:46.378307,2,54181.0,301,302.0,91
2020-05-22 21:01:46.378307,2,54361.0,302,303.0,92
2020-05-22 21:04:46.378307,2,54541.0,303,304.0,93
2020-05-22 21:07:46.378307,2,54721.0,304,305.0,94
2020-05-22 21:10:46.378307,2,54901.0,305,307.0,95
2020-05-22 21:13:46.378307,6,55081.0,306,322.0,16
2020-05-22 21:16:46.378307,2,55261.0,307,308.0,96
2020-05-22 21:19:46.378307,2,55441.0,308,311.0,97
2020-05-22 21:22:46.378307,14,55621.0,309,319.0,9
2020-05-22 21:25:46.378307,9,55801.0,310,315.0,12
2020-05-22 21:28:46.378307,2,55981.0,311,316.0,98
2020-05-22 21:31:46.378307,10,56161.0,312,343.0,14
2020-05-22 21:34:46.378307,4,56341.0,313,323.0,21
2020-05-22 21:37:46.378307,7,56521.0,314,335.0,11
2020-05-22 21:40:46.378307,9,56701.0,315,336.0,13
2020-05-22 21:43:46.378307,2,56881.0,316,321.0,99
2020-05-22 21:46:46.378307,8,57061.0,317,375.0,12
2020-05-22 21:49:46.378307,3,57241.0,318,325.0,40
2020-05-22 21:52:46.378307,14,57421.0,319,418.0,10
2020-05-22 21:55:46.378307,5,57601.0,320,340.0,11
2020-05-22 21:58:46.378307,2,57781.0,321,330.0,100
2020-05-22 22:01:46.378307,6,57961.0,322,368.0,17
2020-05-22 22:04:46.378307,4,58141.0,323,324.0,22
2020-05-22 22:07:46.378307,4,58321.0,324,328.0,23
2020-05-22 22:10:46.378307,3,58501.0,325,326.0,41
2020-05-22 22:13:46.378307,3,58681.0,326,341.0,42
2020-05-22 22:16:46.378307,16,58861.0,327,355.0,7
2020-05-22 22:19:46.378307,4,59041.0,328,332.0,24
2020-05-22 22:22:46.378307,20,59221.0,329,334.0,7
2020-05-22 22:25:46.378307,2,59401.0,330,331.0,101
2020-05-22 22:28:46.378307,2,59581.0,331,337.0,102
2020-05-22 22:31:46.378307,4,59761.0,332,360.0,25
2020-05-22 22:34:46.378307,17,59941.0,333,406.0,3
2020-05-22 22:37:46.378307,20,60121.0,334,491.0,8
2020-05-22 22:40:46.378307,7,60301.0,335,352.0,12
2020-05-22 22:43:46.378307,9,60481.0,336,443.0,14
2020-05-22 22:46:46.378307,2,60661.0,337,339.0,103
2020-05-22 22:49:46.378307,13,60841.0,338,354.0,12
2020-05-22 22:52:46.378307,2,61021.0,339,346.0,104
2020-05-22 22:55:46.378307,5,61201.0,340,344.0,12
2020-05-22 22:58:46.378307,3,61381.0,341,342.0,43
2020-05-22 23:01:46.378307,3,61561.0,342,348.0,44
2020-05-22 23:04:46.378307,10,61741.0,343,349.0,15
2020-05-22 23:07:46.378307,5,61921.0,344,347.0,13
2020-05-22 23:10:46.378307,11,62101.0,345,358.0,8
2020-05-22 23:13:46.378307,2,62281.0,346,353.0,105
2020-05-22 23:16:46.378307,5,62461.0,347,361.0,14
2020-05-22 23:19:46.378307,3,62641.0,348,350.0,45
2020-05-22 23:22:46.378307,10,62821.0,349,356.0,16
2020-05-22 23:25:46.378307,3,63001.0,350,351.0,46
2020-05-22 23:28:46.378307,3,63181.0,351,357.0,47
2020-05-22 23:31:46.378307,7,63361.0,352,388.0,13
2020-05-22 23:34:46.378307,2,63541.0,353,362.0,106
2020-05-22 23:37:46.378307,13,63721.0,354,424.0,13
2020-05-22 23:40:46.378307,16,63901.0,355,376.0,8
2020-05-22 23:43:46.378307,10,64081.0,356,359.0,17
2020-05-22 23:46:46.378307,3,64261.0,357,366.0,48
2020-05-22 23:49:46.378307,11,64441.0,358,363.0,9
2020-05-22 23:52:46.378307,10,64621.0,359,364.0,18
2020-05-22 23:55:46.378307,4,64801.0,360,374.0,26
2020-05-22 23:58:46.378307,5,64981.0,361,373.0,15
2020-05-23 00:01:46.378307,2,65161.0,362,365.0,107
2020-05-23 00:04:46.378307,11,65341.0,363,386.0,10
2020-05-23 00:07:46.378307,10,65521.0,364,369.0,19
2020-05-23 00:10:46.378307,2,65701.0,365,367.0,108
2020-05-23 00:13:46.378307,3,65881.0,366,377.0,49
2020-05-23 00:16:46.378307,2,66061.0,367,370.0,109
2020-05-23 00:19:46.378307,6,66241.0,368,372.0,18
2020-05-23 00:22:46.378307,10,66421.0,369,435.0,20
2020-05-23 00:25:46.378307,2,66601.0,370,379.0,110
2020-05-23 00:28:46.378307,15,66781.0,371,382.0,14
2020-05-23 00:31:46.378307,6,66961.0,372,381.0,19
2020-05-23 00:34:46.378307,5,67141.0,373,392.0,16
2020-05-23 00:37:46.378307,4,67321.0,374,383.0,27
2020-05-23 00:40:46.378307,8,67501.0,375,403.0,13
2020-05-23 00:43:46.378307,16,67681.0,376,380.0,9
2020-05-23 00:46:46.378307,3,67861.0,377,394.0,50
2020-05-23 00:49:46.378307,18,68041.0,378,430.0,8
2020-05-23 00:52:46.378307,2,68221.0,379,385.0,111
2020-05-23 00:55:46.378307,16,68401.0,380,486.0,10
2020-05-23 00:58:46.378307,6,68581.0,381,409.0,20
2020-05-23 01:01:46.378307,15,68761.0,382,436.0,15
2020-05-23 01:04:46.378307,4,68941.0,383,384.0,28
2020-05-23 01:07:46.378307,4,69121.0,384,404.0,29
2020-05-23 01:10:46.378307,2,69301.0,385,389.0,112
2020-05-23 01:13:46.378307,11,69481.0,386,455.0,11
2020-05-23 01:16:46.378307,1,69661.0,387,410.0,9
2020-05-23 01:19:46.378307,7,69841.0,388,407.0,14
2020-05-23 01:22:46.378307,2,70021.0,389,390.0,113
2020-05-23 01:25:46.378307,2,70201.0,390,391.0,114
2020-05-23 01:28:46.378307,2,70381.0,391,393.0,115
2020-05-23 01:31:46.378307,5,70561.0,392,395.0,17
2020-05-23 01:34:46.378307,2,70741.0,393,396.0,116
2020-05-23 01:37:46.378307,3,70921.0,394,398.0,51
2020-05-23 01:40:46.378307,5,71101.0,395,411.0,18
2020-05-23 01:43:46.378307,2,71281.0,396,397.0,117
2020-05-23 01:46:46.378307,2,71461.0,397,401.0,118
2020-05-23 01:49:46.378307,3,71641.0,398,399.0,52
2020-05-23 01:52:46.378307,3,71821.0,399,400.0,53
2020-05-23 01:55:46.378307,3,72001.0,400,417.0,54
2020-05-23 01:58:46.378307,2,72181.0,401,402.0,119
2020-05-23 02:01:46.378307,2,72361.0,402,405.0,120
2020-05-23 02:04:46.378307,8,72541.0,403,439.0,14
2020-05-23 02:07:46.378307,4,72721.0,404,412.0,30
2020-05-23 02:10:46.378307,2,72901.0,405,408.0,121
2020-05-23 02:13:46.378307,17,73081.0,406,425.0,4
2020-05-23 02:16:46.378307,7,73261.0,407,431.0,15
2020-05-23 02:19:46.378307,2,73441.0,408,414.0,122
2020-05-23 02:22:46.378307,6,73621.0,409,421.0,21
2020-05-23 02:25:46.378307,1,73801.0,410,413.0,10
2020-05-23 02:28:46.378307,5,73981.0,411,427.0,19
2020-05-23 02:31:46.378307,4,74161.0,412,446.0,31
2020-05-23 02:34:46.378307,1,74341.0,413,506.0,11
2020-05-23 02:37:46.378307,2,74521.0,414,416.0,123
2020-05-23 02:40:46.378307,19,74701.0,415,423.0,8
2020-05-23 02:43:46.378307,2,74881.0,416,419.0,124
2020-05-23 02:46:46.378307,3,75061.0,417,422.0,55
2020-05-23 02:49:46.378307,14,75241.0,418,465.0,11
2020-05-23 02:52:46.378307,2,75421.0,419,420.0,125
2020-05-23 02:55:46.378307,2,75601.0,420,428.0,126
2020-05-23 02:58:46.378307,6,75781.0,421,426.0,22
2020-05-23 03:01:46.378307,3,75961.0,422,429.0,56
2020-05-23 03:04:46.378307,19,76141.0,423,452.0,9
2020-05-23 03:07:46.378307,13,76321.0,424,500.0,14
2020-05-23 03:10:46.378307,17,76501.0,425,448.0,5
2020-05-23 03:13:46.378307,6,76681.0,426,438.0,23
2020-05-23 03:16:46.378307,5,76861.0,427,441.0,20
2020-05-23 03:19:46.378307,2,77041.0,428,432.0,127
2020-05-23 03:22:46.378307,3,77221.0,429,437.0,57
2020-05-23 03:25:46.378307,18,77401.0,430,502.0,9
2020-05-23 03:28:46.378307,7,77581.0,431,434.0,16
2020-05-23 03:31:46.378307,2,77761.0,432,433.0,128
2020-05-23 03:34:46.378307,2,77941.0,433,440.0,129
2020-05-23 03:37:46.378307,7,78121.0,434,454.0,17
2020-05-23 03:40:46.378307,10,78301.0,435,477.0,21
2020-05-23 03:43:46.378307,15,78481.0,436,449.0,16
2020-05-23 03:46:46.378307,3,78661.0,437,444.0,58
2020-05-23 03:49:46.378307,6,78841.0,438,464.0,24
2020-05-23 03:52:46.378307,8,79021.0,439,450.0,15
2020-05-23 03:55:46.378307,2,79201.0,440,442.0,130
2020-05-23 03:58:46.378307,5,79381.0,441,445.0,21
2020-05-23 04:01:46.378307,2,79561.0,442,447.0,131
2020-05-23 04:04:46.378307,9,79741.0,443,457.0,15
2020-05-23 04:07:46.378307,3,79921.0,444,469.0,59
2020-05-23 04:10:46.378307,5,80101.0,445,462.0,22
2020-05-23 04:13:46.378307,4,80281.0,446,451.0,32
2020-05-23 04:16:46.378307,2,80461.0,447,453.0,132
2020-05-23 04:19:46.378307,17,80641.0,448,475.0,6
2020-05-23 04:22:46.378307,15,80821.0,449,490.0,17
2020-05-23 04:25:46.378307,8,81001.0,450,588.0,16
2020-05-23 04:28:46.378307,4,81181.0,451,456.0,33
2020-05-23 04:31:46.378307,19,81361.0,452,600.0,10
2020-05-23 04:34:46.378307,2,81541.0,453,459.0,133
2020-05-23 04:37:46.378307,7,81721.0,454,488.0,18
2020-05-23 04:40:46.378307,11,81901.0,455,518.0,12
2020-05-23 04:43:46.378307,4,82081.0,456,458.0,34
2020-05-23 04:46:46.378307,9,82261.0,457,495.0,16
2020-05-23 04:49:46.378307,4,82441.0,458,461.0,35
2020-05-23 04:52:46.378307,2,82621.0,459,460.0,134
2020-05-23 04:55:46.378307,2,82801.0,460,463.0,135
2020-05-23 04:58:46.378307,4,82981.0,461,466.0,36
2020-05-23 05:01:46.378307,5,83161.0,462,480.0,23
2020-05-23 05:04:46.378307,2,83341.0,463,467.0,136
2020-05-23 05:07:46.378307,6,83521.0,464,473.0,25
2020-05-23 05:10:46.378307,14,83701.0,465,509.0,12
2020-05-23 05:13:46.378307,4,83881.0,466,479.0,37
2020-05-23 05:16:46.378307,2,84061.0,467,468.0,137
2020-05-23 05:19:46.378307,2,84241.0,468,470.0,138
2020-05-23 05:22:46.378307,3,84421.0,469,472.0,60
2020-05-23 05:25:46.378307,2,84601.0,470,471.0,139
2020-05-23 05:28:46.378307,2,84781.0,471,474.0,140
2020-05-23 05:31:46.378307,3,84961.0,472,478.0,61
2020-05-23 05:34:46.378307,6,85141.0,473,503.0,26
2020-05-23 05:37:46.378307,2,85321.0,474,476.0,141
2020-05-23 05:40:46.378307,17,85501.0,475,489.0,7
2020-05-23 05:43:46.378307,2,85681.0,476,483.0,142
2020-05-23 05:46:46.378307,10,85861.0,477,507.0,22
2020-05-23 05:49:46.378307,3,86041.0,478,482.0,62
2020-05-23 05:52:46.378307,4,86221.0,479,481.0,38
2020-05-23 05:55:46.378307,5,86401.0,480,522.0,24
2020-05-23 05:58:46.378307,4,86581.0,481,494.0,39
2020-05-23 06:01:46.378307,3,86761.0,482,499.0,63
2020-05-23 06:04:46.378307,2,86941.0,483,485.0,143
2020-05-23 06:07:46.378307,12,87121.0,484,492.0,8
2020-05-23 06:10:46.378307,2,87301.0,485,487.0,144
2020-05-23 06:13:46.378307,16,87481.0,486,607.0,11
2020-05-23 06:16:46.378307,2,87661.0,487,493.0,145
2020-05-23 06:19:46.378307,7,87841.0,488,505.0,19
2020-05-23 06:22:46.378307,17,88021.0,489,514.0,8
2020-05-23 06:25:46.378307,15,88201.0,490,512.0,18
2020-05-23 06:28:46.378307,20,88381.0,491,511.0,9
2020-05-23 06:31:46.378307,12,88561.0,492,584.0,9
2020-05-23 06:34:46.378307,2,88741.0,493,496.0,146
2020-05-23 06:37:46.378307,4,88921.0,494,517.0,40
2020-05-23 06:40:46.378307,9,89101.0,495,516.0,17
2020-05-23 06:43:46.378307,2,89281.0,496,497.0,147
2020-05-23 06:46:46.378307,2,89461.0,497,498.0,148
2020-05-23 06:49:46.378307,2,89641.0,498,501.0,149
2020-05-23 06:52:46.378307,3,89821.0,499,504.0,64
2020-05-23 06:55:46.378307,13,90001.0,500,535.0,15
2020-05-23 06:58:46.378307,2,90181.0,501,510.0,150
2020-05-23 07:01:46.378307,18,90361.0,502,508.0,10
2020-05-23 07:04:46.378307,6,90541.0,503,549.0,27
2020-05-23 07:07:46.378307,3,90721.0,504,520.0,65
2020-05-23 07:10:46.378307,7,90901.0,505,528.0,20
2020-05-23 07:13:46.378307,1,91081.0,506,591.0,12
2020-05-23 07:16:46.378307,10,91261.0,507,519.0,23
2020-05-23 07:19:46.378307,18,91441.0,508,544.0,11
2020-05-23 07:22:46.378307,14,91621.0,509,532.0,13
2020-05-23 07:25:46.378307,2,91801.0,510,513.0,151
2020-05-23 07:28:46.378307,20,91981.0,511,555.0,10
2020-05-23 07:31:46.378307,15,92161.0,512,536.0,19
2020-05-23 07:34:46.378307,2,92341.0,513,515.0,152
2020-05-23 07:37:46.378307,17,92521.0,514,527.0,9
2020-05-23 07:40:46.378307,2,92701.0,515,521.0,153
2020-05-23 07:43:46.378307,9,92881.0,516,557.0,18
2020-05-23 07:46:46.378307,4,93061.0,517,540.0,41
2020-05-23 07:49:46.378307,11,93241.0,518,546.0,13
2020-05-23 07:52:46.378307,10,93421.0,519,570.0,24
2020-05-23 07:55:46.378307,3,93601.0,520,523.0,66
2020-05-23 07:58:46.378307,2,93781.0,521,529.0,154
2020-05-23 08:01:46.378307,5,93961.0,522,543.0,25
2020-05-23 08:04:46.378307,3,94141.0,523,524.0,67
2020-05-23 08:07:46.378307,3,94321.0,524,525.0,68
2020-05-23 08:10:46.378307,3,94501.0,525,526.0,69
2020-05-23 08:13:46.378307,3,94681.0,526,531.0,70
2020-05-23 08:16:46.378307,17,94861.0,527,530.0,10
2020-05-23 08:19:46.378307,7,95041.0,528,573.0,21
2020-05-23 08:22:46.378307,2,95221.0,529,533.0,155
2020-05-23 08:25:46.378307,17,95401.0,530,569.0,11
2020-05-23 08:28:46.378307,3,95581.0,531,537.0,71
2020-05-23 08:31:46.378307,14,95761.0,532,599.0,14
2020-05-23 08:34:46.378307,2,95941.0,533,534.0,156
2020-05-23 08:37:46.378307,2,96121.0,534,545.0,157
2020-05-23 08:40:46.378307,13,96301.0,535,590.0,16
2020-05-23 08:43:46.378307,15,96481.0,536,556.0,20
2020-05-23 08:46:46.378307,3,96661.0,537,538.0,72
2020-05-23 08:49:46.378307,3,96841.0,538,539.0,73
2020-05-23 08:52:46.378307,3,97021.0,539,541.0,74
2020-05-23 08:55:46.378307,4,97201.0,540,551.0,42
2020-05-23 08:58:46.378307,3,97381.0,541,542.0,75
2020-05-23 09:01:46.378307,3,97561.0,542,548.0,76
2020-05-23 09:04:46.378307,5,97741.0,543,564.0,26
2020-05-23 09:07:46.378307,18,97921.0,544,612.0,12
2020-05-23 09:10:46.378307,2,98101.0,545,547.0,158
2020-05-23 09:13:46.378307,11,98281.0,546,550.0,14
2020-05-23 09:16:46.378307,2,98461.0,547,552.0,159
2020-05-23 09:19:46.378307,3,98641.0,548,559.0,77
2020-05-23 09:22:46.378307,6,98821.0,549,563.0,28
2020-05-23 09:25:46.378307,11,99001.0,550,560.0,15
2020-05-23 09:28:46.378307,4,99181.0,551,595.0,43
2020-05-23 09:31:46.378307,2,99361.0,552,553.0,160
2020-05-23 09:34:46.378307,2,99541.0,553,554.0,161
2020-05-23 09:37:46.378307,2,99721.0,554,561.0,162
2020-05-23 09:40:46.378307,20,99901.0,555,574.0,11
2020-05-23 09:43:46.378307,15,100081.0,556,558.0,21
2020-05-23 09:46:46.378307,9,100261.0,557,578.0,19
2020-05-23 09:49:46.378307,15,100441.0,558,650.0,22
2020-05-23 09:52:46.378307,3,100621.0,559,575.0,78
2020-05-23 09:55:46.378307,11,100801.0,560,596.0,16
2020-05-23 09:58:46.378307,2,100981.0,561,562.0,163
2020-05-23 10:01:46.378307,2,101161.0,562,565.0,164
2020-05-23 10:04:46.378307,6,101341.0,563,566.0,29
2020-05-23 10:07:46.378307,5,101521.0,564,581.0,27
2020-05-23 10:10:46.378307,2,101701.0,565,568.0,165
2020-05-23 10:13:46.378307,6,101881.0,566,567.0,30
2020-05-23 10:16:46.378307,6,102061.0,567,593.0,31
2020-05-23 10:19:46.378307,2,102241.0,568,571.0,166
2020-05-23 10:22:46.378307,17,102421.0,569,708.0,12
2020-05-23 10:25:46.378307,10,102601.0,570,655.0,25
2020-05-23 10:28:46.378307,2,102781.0,571,572.0,167
2020-05-23 10:31:46.378307,2,102961.0,572,577.0,168
2020-05-23 10:34:46.378307,7,103141.0,573,582.0,22
2020-05-23 10:37:46.378307,20,103321.0,574,614.0,12
2020-05-23 10:40:46.378307,3,103501.0,575,576.0,79
2020-05-23 10:43:46.378307,3,103681.0,576,586.0,80
2020-05-23 10:46:46.378307,2,103861.0,577,579.0,169
2020-05-23 10:49:46.378307,9,104041.0,578,636.0,20
2020-05-23 10:52:46.378307,2,104221.0,579,580.0,170
2020-05-23 10:55:46.378307,2,104401.0,580,587.0,171
2020-05-23 10:58:46.378307,5,104581.0,581,585.0,28
2020-05-23 11:01:46.378307,7,104761.0,582,583.0,23
2020-05-23 11:04:46.378307,7,104941.0,583,592.0,24
2020-05-23 11:07:46.378307,12,105121.0,584,594.0,10
2020-05-23 11:10:46.378307,5,105301.0,585,589.0,29
2020-05-23 11:13:46.378307,3,105481.0,586,606.0,81
2020-05-23 11:16:46.378307,2,105661.0,587,601.0,172
2020-05-23 11:19:46.378307,8,105841.0,588,597.0,17
2020-05-23 11:22:46.378307,5,106021.0,589,603.0,30
2020-05-23 11:25:46.378307,13,106201.0,590,616.0,17
2020-05-23 11:28:46.378307,1,106381.0,591,637.0,13
2020-05-23 11:31:46.378307,7,106561.0,592,640.0,25
2020-05-23 11:34:46.378307,6,106741.0,593,604.0,32
2020-05-23 11:37:46.378307,12,106921.0,594,598.0,11
2020-05-23 11:40:46.378307,4,107101.0,595,615.0,44
2020-05-23 11:43:46.378307,11,107281.0,596,653.0,17
2020-05-23 11:46:46.378307,8,107461.0,597,625.0,18
2020-05-23 11:49:46.378307,12,107641.0,598,671.0,12
2020-05-23 11:52:46.378307,14,107821.0,599,608.0,15
2020-05-23 11:55:46.378307,19,108001.0,600,626.0,11
2020-05-23 11:58:46.378307,2,108181.0,601,602.0,173
2020-05-23 12:01:46.378307,2,108361.0,602,605.0,174
2020-05-23 12:04:46.378307,5,108541.0,603,620.0,31
2020-05-23 12:07:46.378307,6,108721.0,604,644.0,33
2020-05-23 12:10:46.378307,2,108901.0,605,609.0,175
2020-05-23 12:13:46.378307,3,109081.0,606,613.0,82
2020-05-23 12:16:46.378307,16,109261.0,607,624.0,12
2020-05-23 12:19:46.378307,14,109441.0,608,662.0,16
2020-05-23 12:22:46.378307,2,109621.0,609,610.0,176
2020-05-23 12:25:46.378307,2,109801.0,610,611.0,177
2020-05-23 12:28:46.378307,2,109981.0,611,617.0,178
2020-05-23 12:31:46.378307,18,110161.0,612,661.0,13
2020-05-23 12:34:46.378307,3,110341.0,613,618.0,83
2020-05-23 12:37:46.378307,20,110521.0,614,711.0,13
2020-05-23 12:40:46.378307,4,110701.0,615,628.0,45
2020-05-23 12:43:46.378307,13,110881.0,616,621.0,18
2020-05-23 12:46:46.378307,2,111061.0,617,619.0,179
2020-05-23 12:49:46.378307,3,111241.0,618,635.0,84
2020-05-23 12:52:46.378307,2,111421.0,619,622.0,180
2020-05-23 12:55:46.378307,5,111601.0,620,623.0,32
2020-05-23 12:58:46.378307,13,111781.0,621,688.0,19
2020-05-23 13:01:46.378307,2,111961.0,622,627.0,181
2020-05-23 13:04:46.378307,5,112141.0,623,641.0,33
2020-05-23 13:07:46.378307,16,112321.0,624,648.0,13
2020-05-23 13:10:46.378307,8,112501.0,625,659.0,19
2020-05-23 13:13:46.378307,19,112681.0,626,697.0,12
2020-05-23 13:16:46.378307,2,112861.0,627,629.0,182
2020-05-23 13:19:46.378307,4,113041.0,628,632.0,46
2020-05-23 13:22:46.378307,2,113221.0,629,630.0,183
2020-05-23 13:25:46.378307,2,113401.0,630,631.0,184
2020-05-23 13:28:46.378307,2,113581.0,631,633.0,185
2020-05-23 13:31:46.378307,4,113761.0,632,639.0,47
2020-05-23 13:34:46.378307,2,113941.0,633,634.0,186
2020-05-23 13:37:46.378307,2,114121.0,634,638.0,187
2020-05-23 13:40:46.378307,3,114301.0,635,645.0,85
2020-05-23 13:43:46.378307,9,114481.0,636,679.0,21
2020-05-23 13:46:46.378307,1,114661.0,637,658.0,14
2020-05-23 13:49:46.378307,2,114841.0,638,642.0,188
2020-05-23 13:52:46.378307,4,115021.0,639,643.0,48
2020-05-23 13:55:46.378307,7,115201.0,640,660.0,26
2020-05-23 13:58:46.378307,5,115381.0,641,678.0,34
2020-05-23 14:01:46.378307,2,115561.0,642,646.0,189
2020-05-23 14:04:46.378307,4,115741.0,643,651.0,49
2020-05-23 14:07:46.378307,6,115921.0,644,698.0,34
2020-05-23 14:10:46.378307,3,116101.0,645,652.0,86
2020-05-23 14:13:46.378307,2,116281.0,646,647.0,190
2020-05-23 14:16:46.378307,2,116461.0,647,649.0,191
2020-05-23 14:19:46.378307,16,116641.0,648,734.0,14
2020-05-23 14:22:46.378307,2,116821.0,649,656.0,192
2020-05-23 14:25:46.378307,15,117001.0,650,654.0,23
2020-05-23 14:28:46.378307,4,117181.0,651,666.0,50
2020-05-23 14:31:46.378307,3,117361.0,652,670.0,87
2020-05-23 14:34:46.378307,11,117541.0,653,677.0,18
2020-05-23 14:37:46.378307,15,117721.0,654,726.0,24
2020-05-23 14:40:46.378307,10,117901.0,655,667.0,26
2020-05-23 14:43:46.378307,2,118081.0,656,657.0,193
2020-05-23 14:46:46.378307,2,118261.0,657,663.0,194
2020-05-23 14:49:46.378307,1,118441.0,658,680.0,15
2020-05-23 14:52:46.378307,8,118621.0,659,669.0,20
2020-05-23 14:55:46.378307,7,118801.0,660,687.0,27
2020-05-23 14:58:46.378307,18,118981.0,661,683.0,14
2020-05-23 15:01:46.378307,14,119161.0,662,722.0,17
2020-05-23 15:04:46.378307,2,119341.0,663,664.0,195
2020-05-23 15:07:46.378307,2,119521.0,664,665.0,196
2020-05-23 15:10:46.378307,2,119701.0,665,668.0,197
2020-05-23 15:13:46.378307,4,119881.0,666,686.0,51
2020-05-23 15:16:46.378307,10,120061.0,667,673.0,27
2020-05-23 15:19:46.378307,2,120241.0,668,674.0,198
2020-05-23 15:22:46.378307,8,120421.0,669,681.0,21
2020-05-23 15:25:46.378307,3,120601.0,670,672.0,88
2020-05-23 15:28:46.378307,12,120781.0,671,720.0,13
2020-05-23 15:31:46.378307,3,120961.0,672,675.0,89
2020-05-23 15:34:46.378307,10,121141.0,673,705.0,28
2020-05-23 15:37:46.378307,2,121321.0,674,684.0,199
2020-05-23 15:40:46.378307,3,121501.0,675,676.0,90
2020-05-23 15:43:46.378307,3,121681.0,676,690.0,91
2020-05-23 15:46:46.378307,11,121861.0,677,713.0,19
2020-05-23 15:49:46.378307,5,122041.0,678,701.0,35
2020-05-23 15:52:46.378307,9,122221.0,679,699.0,22
2020-05-23 15:55:46.378307,1,122401.0,680,695.0,16
2020-05-23 15:58:46.378307,8,122581.0,681,682.0,22
2020-05-23 16:01:46.378307,8,122761.0,682,782.0,23
2020-05-23 16:04:46.378307,18,122941.0,683,731.0,15
2020-05-23 16:07:46.378307,2,123121.0,684,685.0,200
2020-05-23 16:10:46.378307,2,123301.0,685,691.0,201
2020-05-23 16:13:46.378307,4,123481.0,686,693.0,52
2020-05-23 16:16:46.378307,7,123661.0,687,689.0,28
2020-05-23 16:19:46.378307,13,123841.0,688,751.0,20
2020-05-23 16:22:46.378307,7,124021.0,689,710.0,29
2020-05-23 16:25:46.378307,3,124201.0,690,706.0,92
2020-05-23 16:28:46.378307,2,124381.0,691,692.0,202
2020-05-23 16:31:46.378307,2,124561.0,692,694.0,203
2020-05-23 16:34:46.378307,4,124741.0,693,696.0,53
2020-05-23 16:37:46.378307,2,124921.0,694,700.0,204
2020-05-23 16:40:46.378307,1,125101.0,695,763.0,17
2020-05-23 16:43:46.378307,4,125281.0,696,703.0,54
2020-05-23 16:46:46.378307,19,125461.0,697,739.0,13
2020-05-23 16:49:46.378307,6,125641.0,698,793.0,35
2020-05-23 16:52:46.378307,9,125821.0,699,746.0,23
2020-05-23 16:55:46.378307,2,126001.0,700,702.0,205
2020-05-23 16:58:46.378307,5,126181.0,701,727.0,36
2020-05-23 17:01:46.378307,2,126361.0,702,704.0,206
2020-05-23 17:04:46.378307,4,126541.0,703,750.0,55
2020-05-23 17:07:46.378307,2,126721.0,704,707.0,207
2020-05-23 17:10:46.378307,10,126901.0,705,709.0,29
2020-05-23 17:13:46.378307,3,127081.0,706,712.0,93
2020-05-23 17:16:46.378307,2,127261.0,707,716.0,208
2020-05-23 17:19:46.378307,17,127441.0,708,718.0,13
2020-05-23 17:22:46.378307,10,127621.0,709,721.0,30
2020-05-23 17:25:46.378307,7,127801.0,710,714.0,30
2020-05-23 17:28:46.378307,20,127981.0,711,740.0,14
2020-05-23 17:31:46.378307,3,128161.0,712,719.0,94
2020-05-23 17:34:46.378307,11,128341.0,713,770.0,20
2020-05-23 17:37:46.378307,7,128521.0,714,715.0,31
2020-05-23 17:40:46.378307,7,128701.0,715,779.0,32
2020-05-23 17:43:46.378307,2,128881.0,716,717.0,209
2020-05-23 17:46:46.378307,2,129061.0,717,724.0,210
2020-05-23 17:49:46.378307,17,129241.0,718,753.0,14
2020-05-23 17:52:46.378307,3,129421.0,719,723.0,95
2020-05-23 17:55:46.378307,12,129601.0,720,857.0,14
2020-05-23 17:58:46.378307,10,129781.0,721,789.0,31
2020-05-23 18:01:46.378307,14,129961.0,722,759.0,18
2020-05-23 18:04:46.378307,3,130141.0,723,725.0,96
2020-05-23 18:07:46.378307,2,130321.0,724,728.0,211
2020-05-23 18:10:46.378307,3,130501.0,725,730.0,97
2020-05-23 18:13:46.378307,15,130681.0,726,769.0,25
2020-05-23 18:16:46.378307,5,130861.0,727,738.0,37
2020-05-23 18:19:46.378307,2,131041.0,728,729.0,212
2020-05-23 18:22:46.378307,2,131221.0,729,732.0,213
2020-05-23 18:25:46.378307,3,131401.0,730,736.0,98
2020-05-23 18:28:46.378307,18,131581.0,731,765.0,16
2020-05-23 18:31:46.378307,2,131761.0,732,733.0,214
2020-05-23 18:34:46.378307,2,131941.0,733,735.0,215
2020-05-23 18:37:46.378307,16,132121.0,734,885.0,15
2020-05-23 18:40:46.378307,2,132301.0,735,737.0,216
2020-05-23 18:43:46.378307,3,132481.0,736,748.0,99
2020-05-23 18:46:46.378307,2,132661.0,737,741.0,217
2020-05-23 18:49:46.378307,5,132841.0,738,755.0,38
2020-05-23 18:52:46.378307,19,133021.0,739,761.0,14
2020-05-23 18:55:46.378307,20,133201.0,740,805.0,15
2020-05-23 18:58:46.378307,2,133381.0,741,742.0,218
2020-05-23 19:01:46.378307,2,133561.0,742,743.0,219
2020-05-23 19:04:46.378307,2,133741.0,743,744.0,220
2020-05-23 19:07:46.378307,2,133921.0,744,745.0,221
2020-05-23 19:10:46.378307,2,134101.0,745,747.0,222
2020-05-23 19:13:46.378307,9,134281.0,746,881.0,24
2020-05-23 19:16:46.378307,2,134461.0,747,756.0,223
2020-05-23 19:19:46.378307,3,134641.0,748,749.0,100
2020-05-23 19:22:46.378307,3,134821.0,749,752.0,101
2020-05-23 19:25:46.378307,4,135001.0,750,757.0,56
2020-05-23 19:28:46.378307,13,135181.0,751,960.0,21
2020-05-23 19:31:46.378307,3,135361.0,752,754.0,102
2020-05-23 19:34:46.378307,17,135541.0,753,799.0,15
2020-05-23 19:37:46.378307,3,135721.0,754,786.0,103
2020-05-23 19:40:46.378307,5,135901.0,755,760.0,39
2020-05-23 19:43:46.378307,2,136081.0,756,758.0,224
2020-05-23 19:46:46.378307,4,136261.0,757,771.0,57
2020-05-23 19:49:46.378307,2,136441.0,758,762.0,225
2020-05-23 19:52:46.378307,14,136621.0,759,833.0,19
2020-05-23 19:55:46.378307,5,136801.0,760,764.0,40
2020-05-23 19:58:46.378307,19,136981.0,761,767.0,15
2020-05-23 20:01:46.378307,2,137161.0,762,772.0,226
2020-05-23 20:04:46.378307,1,137341.0,763,800.0,18
2020-05-23 20:07:46.378307,5,137521.0,764,768.0,41
2020-05-23 20:10:46.378307,18,137701.0,765,766.0,17
2020-05-23 20:13:46.378307,18,137881.0,766,811.0,18
2020-05-23 20:16:46.378307,19,138061.0,767,917.0,16
2020-05-23 20:19:46.378307,5,138241.0,768,773.0,42
2020-05-23 20:22:46.378307,15,138421.0,769,851.0,26
2020-05-23 20:25:46.378307,11,138601.0,770,822.0,21
2020-05-23 20:28:46.378307,4,138781.0,771,784.0,58
2020-05-23 20:31:46.378307,2,138961.0,772,775.0,227
2020-05-23 20:34:46.378307,5,139141.0,773,774.0,43
2020-05-23 20:37:46.378307,5,139321.0,774,783.0,44
2020-05-23 20:40:46.378307,2,139501.0,775,776.0,228
2020-05-23 20:43:46.378307,2,139681.0,776,777.0,229
2020-05-23 20:46:46.378307,2,139861.0,777,778.0,230
2020-05-23 20:49:46.378307,2,140041.0,778,780.0,231
2020-05-23 20:52:46.378307,7,140221.0,779,790.0,33
2020-05-23 20:55:46.378307,2,140401.0,780,781.0,232
2020-05-23 20:58:46.378307,2,140581.0,781,785.0,233
2020-05-23 21:01:46.378307,8,140761.0,782,814.0,24
2020-05-23 21:04:46.378307,5,140941.0,783,796.0,45
2020-05-23 21:07:46.378307,4,141121.0,784,791.0,59
2020-05-23 21:10:46.378307,2,141301.0,785,787.0,234
2020-05-23 21:13:46.378307,3,141481.0,786,807.0,104
2020-05-23 21:16:46.378307,2,141661.0,787,788.0,235
2020-05-23 21:19:46.378307,2,141841.0,788,792.0,236
2020-05-23 21:22:46.378307,10,142021.0,789,795.0,32
2020-05-23 21:25:46.378307,7,142201.0,790,794.0,34
2020-05-23 21:28:46.378307,4,142381.0,791,829.0,60
2020-05-23 21:31:46.378307,2,142561.0,792,797.0,237
2020-05-23 21:34:46.378307,6,142741.0,793,798.0,36
2020-05-23 21:37:46.378307,7,142921.0,794,808.0,35
2020-05-23 21:40:46.378307,10,143101.0,795,803.0,33
2020-05-23 21:43:46.378307,5,143281.0,796,812.0,46
2020-05-23 21:46:46.378307,2,143461.0,797,801.0,238
2020-05-23 21:49:46.378307,6,143641.0,798,804.0,37
2020-05-23 21:52:46.378307,17,143821.0,799,809.0,16
2020-05-23 21:55:46.378307,1,144001.0,800,952.0,19
2020-05-23 21:58:46.378307,2,144181.0,801,802.0,239
2020-05-23 22:01:46.378307,2,144361.0,802,806.0,240
2020-05-23 22:04:46.378307,10,144541.0,803,837.0,34
2020-05-23 22:07:46.378307,6,144721.0,804,847.0,38
2020-05-23 22:10:46.378307,20,144901.0,805,867.0,16
2020-05-23 22:13:46.378307,2,145081.0,806,815.0,241
2020-05-23 22:16:46.378307,3,145261.0,807,810.0,105
2020-05-23 22:19:46.378307,7,145441.0,808,835.0,36
2020-05-23 22:22:46.378307,17,145621.0,809,963.0,17
2020-05-23 22:25:46.378307,3,145801.0,810,813.0,106
2020-05-23 22:28:46.378307,18,145981.0,811,843.0,19
2020-05-23 22:31:46.378307,5,146161.0,812,816.0,47
2020-05-23 22:34:46.378307,3,146341.0,813,817.0,107
2020-05-23 22:37:46.378307,8,146521.0,814,818.0,25
2020-05-23 22:40:46.378307,2,146701.0,815,819.0,242
2020-05-23 22:43:46.378307,5,146881.0,816,852.0,48
2020-05-23 22:46:46.378307,3,147061.0,817,820.0,108
2020-05-23 22:49:46.378307,8,147241.0,818,848.0,26
2020-05-23 22:52:46.378307,2,147421.0,819,823.0,243
2020-05-23 22:55:46.378307,3,147601.0,820,821.0,109
2020-05-23 22:58:46.378307,3,147781.0,821,825.0,110
2020-05-23 23:01:46.378307,11,147961.0,822,827.0,22
2020-05-23 23:04:46.378307,2,148141.0,823,824.0,244
2020-05-23 23:07:46.378307,2,148321.0,824,826.0,245
2020-05-23 23:10:46.378307,3,148501.0,825,828.0,111
2020-05-23 23:13:46.378307,2,148681.0,826,832.0,246
2020-05-23 23:16:46.378307,11,148861.0,827,834.0,23
2020-05-23 23:19:46.378307,3,149041.0,828,830.0,112
2020-05-23 23:22:46.378307,4,149221.0,829,850.0,61
2020-05-23 23:25:46.378307,3,149401.0,830,831.0,113
2020-05-23 23:28:46.378307,3,149581.0,831,836.0,114
2020-05-23 23:31:46.378307,2,149761.0,832,838.0,247
2020-05-23 23:34:46.378307,14,149941.0,833,904.0,20
2020-05-23 23:37:46.378307,11,150121.0,834,905.0,24
2020-05-23 23:40:46.378307,7,150301.0,835,844.0,37
2020-05-23 23:43:46.378307,3,150481.0,836,842.0,115
2020-05-23 23:46:46.378307,10,150661.0,837,855.0,35
2020-05-23 23:49:46.378307,2,150841.0,838,839.0,248
2020-05-23 23:52:46.378307,2,151021.0,839,840.0,249
2020-05-23 23:55:46.378307,2,151201.0,840,841.0,250
2020-05-23 23:58:46.378307,2,151381.0,841,846.0,251
2020-05-24 00:01:46.378307,3,151561.0,842,862.0,116
2020-05-24 00:04:46.378307,18,151741.0,843,864.0,20
2020-05-24 00:07:46.378307,7,151921.0,844,845.0,38
2020-05-24 00:10:46.378307,7,152101.0,845,853.0,39
2020-05-24 00:13:46.378307,2,152281.0,846,849.0,252
2020-05-24 00:16:46.378307,6,152461.0,847,895.0,39
2020-05-24 00:19:46.378307,8,152641.0,848,872.0,27
2020-05-24 00:22:46.378307,2,152821.0,849,854.0,253
2020-05-24 00:25:46.378307,4,153001.0,850,863.0,62
2020-05-24 00:28:46.378307,15,153181.0,851,913.0,27
2020-05-24 00:31:46.378307,5,153361.0,852,858.0,49
2020-05-24 00:34:46.378307,7,153541.0,853,865.0,40
2020-05-24 00:37:46.378307,2,153721.0,854,859.0,254
2020-05-24 00:40:46.378307,10,153901.0,855,856.0,36
2020-05-24 00:43:46.378307,10,154081.0,856,860.0,37
2020-05-24 00:46:46.378307,12,154261.0,857,868.0,15
2020-05-24 00:49:46.378307,5,154441.0,858,903.0,50
2020-05-24 00:52:46.378307,2,154621.0,859,861.0,255
2020-05-24 00:55:46.378307,10,154801.0,860,890.0,38
2020-05-24 00:58:46.378307,2,154981.0,861,869.0,256
2020-05-24 01:01:46.378307,3,155161.0,862,866.0,117
2020-05-24 01:04:46.378307,4,155341.0,863,870.0,63
2020-05-24 01:07:46.378307,18,155521.0,864,894.0,21
2020-05-24 01:10:46.378307,7,155701.0,865,918.0,41
2020-05-24 01:13:46.378307,3,155881.0,866,877.0,118
2020-05-24 01:16:46.378307,20,156061.0,867,887.0,17
2020-05-24 01:19:46.378307,12,156241.0,868,958.0,16
2020-05-24 01:22:46.378307,2,156421.0,869,871.0,257
2020-05-24 01:25:46.378307,4,156601.0,870,879.0,64
2020-05-24 01:28:46.378307,2,156781.0,871,873.0,258
2020-05-24 01:31:46.378307,8,156961.0,872,891.0,28
2020-05-24 01:34:46.378307,2,157141.0,873,874.0,259
2020-05-24 01:37:46.378307,2,157321.0,874,875.0,260
2020-05-24 01:40:46.378307,2,157501.0,875,876.0,261
2020-05-24 01:43:46.378307,2,157681.0,876,884.0,262
2020-05-24 01:46:46.378307,3,157861.0,877,878.0,119
2020-05-24 01:49:46.378307,3,158041.0,878,883.0,120
2020-05-24 01:52:46.378307,4,158221.0,879,880.0,65
2020-05-24 01:55:46.378307,4,158401.0,880,882.0,66
2020-05-24 01:58:46.378307,9,158581.0,881,912.0,25
2020-05-24 02:01:46.378307,4,158761.0,882,892.0,67
2020-05-24 02:04:46.378307,3,158941.0,883,893.0,121
2020-05-24 02:07:46.378307,2,159121.0,884,886.0,263
2020-05-24 02:10:46.378307,16,159301.0,885,888.0,16
2020-05-24 02:13:46.378307,2,159481.0,886,889.0,264
2020-05-24 02:16:46.378307,20,159661.0,887,1053.0,18
2020-05-24 02:19:46.378307,16,159841.0,888,914.0,17
2020-05-24 02:22:46.378307,2,160021.0,889,897.0,265
2020-05-24 02:25:46.378307,10,160201.0,890,909.0,39
2020-05-24 02:28:46.378307,8,160381.0,891,1013.0,29
2020-05-24 02:31:46.378307,4,160561.0,892,916.0,68
2020-05-24 02:34:46.378307,3,160741.0,893,896.0,122
2020-05-24 02:37:46.378307,18,160921.0,894,978.0,22
2020-05-24 02:40:46.378307,6,161101.0,895,926.0,40
2020-05-24 02:43:46.378307,3,161281.0,896,898.0,123
2020-05-24 02:46:46.378307,2,161461.0,897,900.0,266
2020-05-24 02:49:46.378307,3,161641.0,898,899.0,124
2020-05-24 02:52:46.378307,3,161821.0,899,902.0,125
2020-05-24 02:55:46.378307,2,162001.0,900,901.0,267
2020-05-24 02:58:46.378307,2,162181.0,901,910.0,268
2020-05-24 03:01:46.378307,3,162361.0,902,908.0,126
2020-05-24 03:04:46.378307,5,162541.0,903,906.0,51
2020-05-24 03:07:46.378307,14,162721.0,904,907.0,21
2020-05-24 03:10:46.378307,11,162901.0,905,939.0,25
2020-05-24 03:13:46.378307,5,163081.0,906,923.0,52
2020-05-24 03:16:46.378307,14,163261.0,907,1002.0,22
2020-05-24 03:19:46.378307,3,163441.0,908,919.0,127
2020-05-24 03:22:46.378307,10,163621.0,909,942.0,40
2020-05-24 03:25:46.378307,2,163801.0,910,911.0,269
2020-05-24 03:28:46.378307,2,163981.0,911,915.0,270
2020-05-24 03:31:46.378307,9,164161.0,912,931.0,26
2020-05-24 03:34:46.378307,15,164341.0,913,932.0,28
2020-05-24 03:37:46.378307,16,164521.0,914,940.0,18
2020-05-24 03:40:46.378307,2,164701.0,915,921.0,271
2020-05-24 03:43:46.378307,4,164881.0,916,925.0,69
2020-05-24 03:46:46.378307,19,165061.0,917,920.0,17
2020-05-24 03:49:46.378307,7,165241.0,918,982.0,42
2020-05-24 03:52:46.378307,3,165421.0,919,936.0,128
2020-05-24 03:55:46.378307,19,165601.0,920,924.0,18
2020-05-24 03:58:46.378307,2,165781.0,921,922.0,272
2020-05-24 04:01:46.378307,2,165961.0,922,927.0,273
2020-05-24 04:04:46.378307,5,166141.0,923,928.0,53
2020-05-24 04:07:46.378307,19,166321.0,924,935.0,19
2020-05-24 04:10:46.378307,4,166501.0,925,947.0,70
2020-05-24 04:13:46.378307,6,166681.0,926,929.0,41
2020-05-24 04:16:46.378307,2,166861.0,927,930.0,274
2020-05-24 04:19:46.378307,5,167041.0,928,941.0,54
2020-05-24 04:22:46.378307,6,167221.0,929,934.0,42
2020-05-24 04:25:46.378307,2,167401.0,930,933.0,275
2020-05-24 04:28:46.378307,9,167581.0,931,1017.0,27
2020-05-24 04:31:46.378307,15,167761.0,932,938.0,29
2020-05-24 04:34:46.378307,2,167941.0,933,944.0,276
2020-05-24 04:37:46.378307,6,168121.0,934,949.0,43
2020-05-24 04:40:46.378307,19,168301.0,935,1094.0,20
2020-05-24 04:43:46.378307,3,168481.0,936,937.0,129
2020-05-24 04:46:46.378307,3,168661.0,937,961.0,130
2020-05-24 04:49:46.378307,15,168841.0,938,1092.0,30
2020-05-24 04:52:46.378307,11,169021.0,939,996.0,26
2020-05-24 04:55:46.378307,16,169201.0,940,1037.0,19
2020-05-24 04:58:46.378307,5,169381.0,941,943.0,55
2020-05-24 05:01:46.378307,10,169561.0,942,950.0,41
2020-05-24 05:04:46.378307,5,169741.0,943,956.0,56
2020-05-24 05:07:46.378307,2,169921.0,944,945.0,277
2020-05-24 05:10:46.378307,2,170101.0,945,946.0,278
2020-05-24 05:13:46.378307,2,170281.0,946,948.0,279
2020-05-24 05:16:46.378307,4,170461.0,947,951.0,71
2020-05-24 05:19:46.378307,2,170641.0,948,953.0,280
2020-05-24 05:22:46.378307,6,170821.0,949,954.0,44
2020-05-24 05:25:46.378307,10,171001.0,950,955.0,42
2020-05-24 05:28:46.378307,4,171181.0,951,974.0,72
2020-05-24 05:31:46.378307,1,171361.0,952,983.0,20
2020-05-24 05:34:46.378307,2,171541.0,953,957.0,281
2020-05-24 05:37:46.378307,6,171721.0,954,975.0,45
2020-05-24 05:40:46.378307,10,171901.0,955,990.0,43
2020-05-24 05:43:46.378307,5,172081.0,956,964.0,57
2020-05-24 05:46:46.378307,2,172261.0,957,959.0,282
2020-05-24 05:49:46.378307,12,172441.0,958,991.0,17
2020-05-24 05:52:46.378307,2,172621.0,959,965.0,283
2020-05-24 05:55:46.378307,13,172801.0,960,967.0,22
2020-05-24 05:58:46.378307,3,172981.0,961,962.0,131
2020-05-24 06:01:46.378307,3,173161.0,962,966.0,132
2020-05-24 06:04:46.378307,17,173341.0,963,999.0,18
2020-05-24 06:07:46.378307,5,173521.0,964,977.0,58
2020-05-24 06:10:46.378307,2,173701.0,965,969.0,284
2020-05-24 06:13:46.378307,3,173881.0,966,968.0,133
2020-05-24 06:16:46.378307,13,174061.0,967,970.0,23
2020-05-24 06:19:46.378307,3,174241.0,968,971.0,134
2020-05-24 06:22:46.378307,2,174421.0,969,973.0,285
2020-05-24 06:25:46.378307,13,174601.0,970,989.0,24
2020-05-24 06:28:46.378307,3,174781.0,971,972.0,135
2020-05-24 06:31:46.378307,3,174961.0,972,976.0,136
2020-05-24 06:34:46.378307,2,175141.0,973,981.0,286
2020-05-24 06:37:46.378307,4,175321.0,974,986.0,73
2020-05-24 06:40:46.378307,6,175501.0,975,980.0,46
2020-05-24 06:43:46.378307,3,175681.0,976,988.0,137
2020-05-24 06:46:46.378307,5,175861.0,977,979.0,59
2020-05-24 06:49:46.378307,18,176041.0,978,1008.0,23
2020-05-24 06:52:46.378307,5,176221.0,979,984.0,60
2020-05-24 06:55:46.378307,6,176401.0,980,1004.0,47
2020-05-24 06:58:46.378307,2,176581.0,981,985.0,287
2020-05-24 07:01:46.378307,7,176761.0,982,1020.0,43
2020-05-24 07:04:46.378307,1,176941.0,983,1000.0,21
2020-05-24 07:07:46.378307,5,177121.0,984,1003.0,61
2020-05-24 07:10:46.378307,2,177301.0,985,987.0,288
2020-05-24 07:13:46.378307,4,177481.0,986,1006.0,74
2020-05-24 07:16:46.378307,2,177661.0,987,994.0,289
2020-05-24 07:19:46.378307,3,177841.0,988,992.0,138
2020-05-24 07:22:46.378307,13,178021.0,989,1012.0,25
2020-05-24 07:25:46.378307,10,178201.0,990,1027.0,44
2020-05-24 07:28:46.378307,12,178381.0,991,1018.0,18
2020-05-24 07:31:46.378307,3,178561.0,992,993.0,139
2020-05-24 07:34:46.378307,3,178741.0,993,998.0,140
2020-05-24 07:37:46.378307,2,178921.0,994,995.0,290
2020-05-24 07:40:46.378307,2,179101.0,995,997.0,291
2020-05-24 07:43:46.378307,11,179281.0,996,1014.0,27
2020-05-24 07:46:46.378307,2,179461.0,997,1007.0,292
2020-05-24 07:49:46.378307,3,179641.0,998,1001.0,141
2020-05-24 07:52:46.378307,17,179821.0,999,1009.0,19
2020-05-24 07:55:46.378307,1,180001.0,1000,1024.0,22
2020-05-24 07:58:46.378307,3,180181.0,1001,1011.0,142
2020-05-24 08:01:46.378307,14,180361.0,1002,1067.0,23
2020-05-24 08:04:46.378307,5,180541.0,1003,1005.0,62
2020-05-24 08:07:46.378307,6,180721.0,1004,1022.0,48
2020-05-24 08:10:46.378307,5,180901.0,1005,1039.0,63
2020-05-24 08:13:46.378307,4,181081.0,1006,1010.0,75
2020-05-24 08:16:46.378307,2,181261.0,1007,1016.0,293
2020-05-24 08:19:46.378307,18,181441.0,1008,1061.0,24
2020-05-24 08:22:46.378307,17,181621.0,1009,1045.0,20
2020-05-24 08:25:46.378307,4,181801.0,1010,1015.0,76
2020-05-24 08:28:46.378307,3,181981.0,1011,1023.0,143
2020-05-24 08:31:46.378307,13,182161.0,1012,1072.0,26
2020-05-24 08:34:46.378307,8,182341.0,1013,1025.0,30
2020-05-24 08:37:46.378307,11,182521.0,1014,1049.0,28
2020-05-24 08:40:46.378307,4,182701.0,1015,1021.0,77
2020-05-24 08:43:46.378307,2,182881.0,1016,1026.0,294
2020-05-24 08:46:46.378307,9,183061.0,1017,1019.0,28
2020-05-24 08:49:46.378307,12,183241.0,1018,1069.0,19
2020-05-24 08:52:46.378307,9,183421.0,1019,1275.0,29
2020-05-24 08:55:46.378307,7,183601.0,1020,1028.0,44
2020-05-24 08:58:46.378307,4,183781.0,1021,1032.0,78
2020-05-24 09:01:46.378307,6,183961.0,1022,1082.0,49
2020-05-24 09:04:46.378307,3,184141.0,1023,1043.0,144
2020-05-24 09:07:46.378307,1,184321.0,1024,1029.0,23
2020-05-24 09:10:46.378307,8,184501.0,1025,1035.0,31
2020-05-24 09:13:46.378307,2,184681.0,1026,1030.0,295
2020-05-24 09:16:46.378307,10,184861.0,1027,1074.0,45
2020-05-24 09:19:46.378307,7,185041.0,1028,1079.0,45
2020-05-24 09:22:46.378307,1,185221.0,1029,1052.0,24
2020-05-24 09:25:46.378307,2,185401.0,1030,1031.0,296
2020-05-24 09:28:46.378307,2,185581.0,1031,1033.0,297
2020-05-24 09:31:46.378307,4,185761.0,1032,1062.0,79
2020-05-24 09:34:46.378307,2,185941.0,1033,1034.0,298
2020-05-24 09:37:46.378307,2,186121.0,1034,1036.0,299
2020-05-24 09:40:46.378307,8,186301.0,1035,1042.0,32
2020-05-24 09:43:46.378307,2,186481.0,1036,1038.0,300
2020-05-24 09:46:46.378307,16,186661.0,1037,1088.0,20
2020-05-24 09:49:46.378307,2,186841.0,1038,1040.0,301
2020-05-24 09:52:46.378307,5,187021.0,1039,1054.0,64
2020-05-24 09:55:46.378307,2,187201.0,1040,1041.0,302
2020-05-24 09:58:46.378307,2,187381.0,1041,1044.0,303
2020-05-24 10:01:46.378307,8,187561.0,1042,1063.0,33
2020-05-24 10:04:46.378307,3,187741.0,1043,1046.0,145
2020-05-24 10:07:46.378307,2,187921.0,1044,1047.0,304
2020-05-24 10:10:46.378307,17,188101.0,1045,1090.0,21
2020-05-24 10:13:46.378307,3,188281.0,1046,1064.0,146
2020-05-24 10:16:46.378307,2,188461.0,1047,1048.0,305
2020-05-24 10:19:46.378307,2,188641.0,1048,1050.0,306
2020-05-24 10:22:46.378307,11,188821.0,1049,1121.0,29
2020-05-24 10:25:46.378307,2,189001.0,1050,1051.0,307
2020-05-24 10:28:46.378307,2,189181.0,1051,1056.0,308
2020-05-24 10:31:46.378307,1,189361.0,1052,1255.0,25
2020-05-24 10:34:46.378307,20,189541.0,1053,1055.0,19
2020-05-24 10:37:46.378307,5,189721.0,1054,1060.0,65
2020-05-24 10:40:46.378307,20,189901.0,1055,1057.0,20
2020-05-24 10:43:46.378307,2,190081.0,1056,1058.0,309
2020-05-24 10:46:46.378307,20,190261.0,1057,1104.0,21
2020-05-24 10:49:46.378307,2,190441.0,1058,1059.0,310
2020-05-24 10:52:46.378307,2,190621.0,1059,1068.0,311
2020-05-24 10:55:46.378307,5,190801.0,1060,1066.0,66
2020-05-24 10:58:46.378307,18,190981.0,1061,1077.0,25
2020-05-24 11:01:46.378307,4,191161.0,1062,1080.0,80
2020-05-24 11:04:46.378307,8,191341.0,1063,1071.0,34
2020-05-24 11:07:46.378307,3,191521.0,1064,1065.0,147
2020-05-24 11:10:46.378307,3,191701.0,1065,1083.0,148
2020-05-24 11:13:46.378307,5,191881.0,1066,1073.0,67
2020-05-24 11:16:46.378307,14,192061.0,1067,1107.0,24
2020-05-24 11:19:46.378307,2,192241.0,1068,1070.0,312
2020-05-24 11:22:46.378307,12,192421.0,1069,1087.0,20
2020-05-24 11:25:46.378307,2,192601.0,1070,1075.0,313
2020-05-24 11:28:46.378307,8,192781.0,1071,1102.0,35
2020-05-24 11:31:46.378307,13,192961.0,1072,1126.0,27
2020-05-24 11:34:46.378307,5,193141.0,1073,1125.0,68
2020-05-24 11:37:46.378307,10,193321.0,1074,1109.0,46
2020-05-24 11:40:46.378307,2,193501.0,1075,1076.0,314
2020-05-24 11:43:46.378307,2,193681.0,1076,1078.0,315
2020-05-24 11:46:46.378307,18,193861.0,1077,1119.0,26
2020-05-24 11:49:46.378307,2,194041.0,1078,1084.0,316
2020-05-24 11:52:46.378307,7,194221.0,1079,1101.0,46
2020-05-24 11:55:46.378307,4,194401.0,1080,1081.0,81
2020-05-24 11:58:46.378307,4,194581.0,1081,1086.0,82
2020-05-24 12:01:46.378307,6,194761.0,1082,1124.0,50
2020-05-24 12:04:46.378307,3,194941.0,1083,1097.0,149
2020-05-24 12:07:46.378307,2,195121.0,1084,1085.0,317
2020-05-24 12:10:46.378307,2,195301.0,1085,1089.0,318
2020-05-24 12:13:46.378307,4,195481.0,1086,1110.0,83
2020-05-24 12:16:46.378307,12,195661.0,1087,1098.0,21
2020-05-24 12:19:46.378307,16,195841.0,1088,1112.0,21
2020-05-24 12:22:46.378307,2,196021.0,1089,1091.0,319
2020-05-24 12:25:46.378307,17,196201.0,1090,1095.0,22
2020-05-24 12:28:46.378307,2,196381.0,1091,1093.0,320
2020-05-24 12:31:46.378307,15,196561.0,1092,1111.0,31
2020-05-24 12:34:46.378307,2,196741.0,1093,1096.0,321
2020-05-24 12:37:46.378307,19,196921.0,1094,1194.0,21
2020-05-24 12:40:46.378307,17,197101.0,1095,1145.0,23
2020-05-24 12:43:46.378307,2,197281.0,1096,1099.0,322
2020-05-24 12:46:46.378307,3,197461.0,1097,1108.0,150
2020-05-24 12:49:46.378307,12,197641.0,1098,1100.0,22
2020-05-24 12:52:46.378307,2,197821.0,1099,1103.0,323
2020-05-24 12:55:46.378307,12,198001.0,1100,1113.0,23
2020-05-24 12:58:46.378307,7,198181.0,1101,1151.0,47
2020-05-24 13:01:46.378307,8,198361.0,1102,1144.0,36
2020-05-24 13:04:46.378307,2,198541.0,1103,1105.0,324
2020-05-24 13:07:46.378307,20,198721.0,1104,1137.0,22
2020-05-24 13:10:46.378307,2,198901.0,1105,1106.0,325
2020-05-24 13:13:46.378307,2,199081.0,1106,1114.0,326
2020-05-24 13:16:46.378307,14,199261.0,1107,1117.0,25
2020-05-24 13:19:46.378307,3,199441.0,1108,1118.0,151
2020-05-24 13:22:46.378307,10,199621.0,1109,1178.0,47
2020-05-24 13:25:46.378307,4,199801.0,1110,1156.0,84
2020-05-24 13:28:46.378307,15,199981.0,1111,1131.0,32
2020-05-24 13:31:46.378307,16,200161.0,1112,1129.0,22
2020-05-24 13:34:46.378307,12,200341.0,1113,1116.0,24
2020-05-24 13:37:46.378307,2,200521.0,1114,1115.0,327
2020-05-24 13:40:46.378307,2,200701.0,1115,1120.0,328
2020-05-24 13:43:46.378307,12,200881.0,1116,1138.0,25
2020-05-24 13:46:46.378307,14,201061.0,1117,1186.0,26
2020-05-24 13:49:46.378307,3,201241.0,1118,1128.0,152
2020-05-24 13:52:46.378307,18,201421.0,1119,1185.0,27
2020-05-24 13:55:46.378307,2,201601.0,1120,1122.0,329
2020-05-24 13:58:46.378307,11,201781.0,1121,1123.0,30
2020-05-24 14:01:46.378307,2,201961.0,1122,1141.0,330
2020-05-24 14:04:46.378307,11,202141.0,1123,1135.0,31
2020-05-24 14:07:46.378307,6,202321.0,1124,1127.0,51
2020-05-24 14:10:46.378307,5,202501.0,1125,1130.0,69
2020-05-24 14:13:46.378307,13,202681.0,1126,1132.0,28
2020-05-24 14:16:46.378307,6,202861.0,1127,1133.0,52
2020-05-24 14:19:46.378307,3,203041.0,1128,1134.0,153
2020-05-24 14:22:46.378307,16,203221.0,1129,1202.0,23
2020-05-24 14:25:46.378307,5,203401.0,1130,1155.0,70
2020-05-24 14:28:46.378307,15,203581.0,1131,1149.0,33
2020-05-24 14:31:46.378307,13,203761.0,1132,1294.0,29
2020-05-24 14:34:46.378307,6,203941.0,1133,1140.0,53
2020-05-24 14:37:46.378307,3,204121.0,1134,1136.0,154
2020-05-24 14:40:46.378307,11,204301.0,1135,1153.0,32
2020-05-24 14:43:46.378307,3,204481.0,1136,1139.0,155
2020-05-24 14:46:46.378307,20,204661.0,1137,1205.0,23
2020-05-24 14:49:46.378307,12,204841.0,1138,1160.0,26
2020-05-24 14:52:46.378307,3,205021.0,1139,1146.0,156
2020-05-24 14:55:46.378307,6,205201.0,1140,1143.0,54
2020-05-24 14:58:46.378307,2,205381.0,1141,1142.0,331
2020-05-24 15:01:46.378307,2,205561.0,1142,1147.0,332
2020-05-24 15:04:46.378307,6,205741.0,1143,1173.0,55
2020-05-24 15:07:46.378307,8,205921.0,1144,1192.0,37
2020-05-24 15:10:46.378307,17,206101.0,1145,1148.0,24
2020-05-24 15:13:46.378307,3,206281.0,1146,1150.0,157
2020-05-24 15:16:46.378307,2,206461.0,1147,1152.0,333
2020-05-24 15:19:46.378307,17,206641.0,1148,1306.0,25
2020-05-24 15:22:46.378307,15,206821.0,1149,1159.0,34
2020-05-24 15:25:46.378307,3,207001.0,1150,1154.0,158
2020-05-24 15:28:46.378307,7,207181.0,1151,1161.0,48
2020-05-24 15:31:46.378307,2,207361.0,1152,1162.0,334
2020-05-24 15:34:46.378307,11,207541.0,1153,1198.0,33
2020-05-24 15:37:46.378307,3,207721.0,1154,1158.0,159
2020-05-24 15:40:46.378307,5,207901.0,1155,1182.0,71
2020-05-24 15:43:46.378307,4,208081.0,1156,1157.0,85
2020-05-24 15:46:46.378307,4,208261.0,1157,1167.0,86
2020-05-24 15:49:46.378307,3,208441.0,1158,1174.0,160
2020-05-24 15:52:46.378307,15,208621.0,1159,1164.0,35
2020-05-24 15:55:46.378307,12,208801.0,1160,1188.0,27
2020-05-24 15:58:46.378307,7,208981.0,1161,1166.0,49
2020-05-24 16:01:46.378307,2,209161.0,1162,1163.0,335
2020-05-24 16:04:46.378307,2,209341.0,1163,1168.0,336
2020-05-24 16:07:46.378307,15,209521.0,1164,1165.0,36
2020-05-24 16:10:46.378307,15,209701.0,1165,1172.0,37
2020-05-24 16:13:46.378307,7,209881.0,1166,1180.0,50
2020-05-24 16:16:46.378307,4,210061.0,1167,1169.0,87
2020-05-24 16:19:46.378307,2,210241.0,1168,1170.0,337
2020-05-24 16:22:46.378307,4,210421.0,1169,1171.0,88
2020-05-24 16:25:46.378307,2,210601.0,1170,1175.0,338
2020-05-24 16:28:46.378307,4,210781.0,1171,1177.0,89
2020-05-24 16:31:46.378307,15,210961.0,1172,1289.0,38
2020-05-24 16:34:46.378307,6,211141.0,1173,1187.0,56
2020-05-24 16:37:46.378307,3,211321.0,1174,1183.0,161
2020-05-24 16:40:46.378307,2,211501.0,1175,1176.0,339
2020-05-24 16:43:46.378307,2,211681.0,1176,1179.0,340
2020-05-24 16:46:46.378307,4,211861.0,1177,1190.0,90
2020-05-24 16:49:46.378307,10,212041.0,1178,1281.0,48
2020-05-24 16:52:46.378307,2,212221.0,1179,1184.0,341
2020-05-24 16:55:46.378307,7,212401.0,1180,1181.0,51
2020-05-24 16:58:46.378307,7,212581.0,1181,1273.0,52
2020-05-24 17:01:46.378307,5,212761.0,1182,1197.0,72
2020-05-24 17:04:46.378307,3,212941.0,1183,1204.0,162
2020-05-24 17:07:46.378307,2,213121.0,1184,1189.0,342
2020-05-24 17:10:46.378307,18,213301.0,1185,1217.0,28
2020-05-24 17:13:46.378307,14,213481.0,1186,1249.0,27
2020-05-24 17:16:46.378307,6,213661.0,1187,1195.0,57
2020-05-24 17:19:46.378307,12,213841.0,1188,1206.0,28
2020-05-24 17:22:46.378307,2,214021.0,1189,1191.0,343
2020-05-24 17:25:46.378307,4,214201.0,1190,1210.0,91
2020-05-24 17:28:46.378307,2,214381.0,1191,1193.0,344
2020-05-24 17:31:46.378307,8,214561.0,1192,1201.0,38
2020-05-24 17:34:46.378307,2,214741.0,1193,1196.0,345
2020-05-24 17:37:46.378307,19,214921.0,1194,1223.0,22
2020-05-24 17:40:46.378307,6,215101.0,1195,1203.0,58
2020-05-24 17:43:46.378307,2,215281.0,1196,1200.0,346
2020-05-24 17:46:46.378307,5,215461.0,1197,1199.0,73
2020-05-24 17:49:46.378307,11,215641.0,1198,1208.0,34
2020-05-24 17:52:46.378307,5,215821.0,1199,1218.0,74
2020-05-24 17:55:46.378307,2,216001.0,1200,1207.0,347
2020-05-24 17:58:46.378307,8,216181.0,1201,1220.0,39
2020-05-24 18:01:46.378307,16,216361.0,1202,1231.0,24
2020-05-24 18:04:46.378307,6,216541.0,1203,1257.0,59
2020-05-24 18:07:46.378307,3,216721.0,1204,1212.0,163
2020-05-24 18:10:46.378307,20,216901.0,1205,1250.0,24
2020-05-24 18:13:46.378307,12,217081.0,1206,1214.0,29
2020-05-24 18:16:46.378307,2,217261.0,1207,1209.0,348
2020-05-24 18:19:46.378307,11,217441.0,1208,1235.0,35
2020-05-24 18:22:46.378307,2,217621.0,1209,1211.0,349
2020-05-24 18:25:46.378307,4,217801.0,1210,1219.0,92
2020-05-24 18:28:46.378307,2,217981.0,1211,1213.0,350
2020-05-24 18:31:46.378307,3,218161.0,1212,1216.0,164
2020-05-24 18:34:46.378307,2,218341.0,1213,1215.0,351
2020-05-24 18:37:46.378307,12,218521.0,1214,1260.0,30
2020-05-24 18:40:46.378307,2,218701.0,1215,1225.0,352
2020-05-24 18:43:46.378307,3,218881.0,1216,1222.0,165
2020-05-24 18:46:46.378307,18,219061.0,1217,1264.0,29
2020-05-24 18:49:46.378307,5,219241.0,1218,1237.0,75
2020-05-24 18:52:46.378307,4,219421.0,1219,1221.0,93
2020-05-24 18:55:46.378307,8,219601.0,1220,1227.0,40
2020-05-24 18:58:46.378307,4,219781.0,1221,1240.0,94
2020-05-24 19:01:46.378307,3,219961.0,1222,1224.0,166
2020-05-24 19:04:46.378307,19,220141.0,1223,1243.0,23
2020-05-24 19:07:46.378307,3,220321.0,1224,1234.0,167
2020-05-24 19:10:46.378307,2,220501.0,1225,1226.0,353
2020-05-24 19:13:46.378307,2,220681.0,1226,1228.0,354
2020-05-24 19:16:46.378307,8,220861.0,1227,1258.0,41
2020-05-24 19:19:46.378307,2,221041.0,1228,1229.0,355
2020-05-24 19:22:46.378307,2,221221.0,1229,1230.0,356
2020-05-24 19:25:46.378307,2,221401.0,1230,1233.0,357
2020-05-24 19:28:46.378307,16,221581.0,1231,1232.0,25
2020-05-24 19:31:46.378307,16,221761.0,1232,1276.0,26
2020-05-24 19:34:46.378307,2,221941.0,1233,1238.0,358
2020-05-24 19:37:46.378307,3,222121.0,1234,1236.0,168
2020-05-24 19:40:46.378307,11,222301.0,1235,1239.0,36
2020-05-24 19:43:46.378307,3,222481.0,1236,1245.0,169
2020-05-24 19:46:46.378307,5,222661.0,1237,1241.0,76
2020-05-24 19:49:46.378307,2,222841.0,1238,1246.0,359
2020-05-24 19:52:46.378307,11,223021.0,1239,1301.0,37
2020-05-24 19:55:46.378307,4,223201.0,1240,1244.0,95
2020-05-24 19:58:46.378307,5,223381.0,1241,1242.0,77
2020-05-24 20:01:46.378307,5,223561.0,1242,1265.0,78
2020-05-24 20:04:46.378307,19,223741.0,1243,1377.0,24
2020-05-24 20:07:46.378307,4,223921.0,1244,1270.0,96
2020-05-24 20:10:46.378307,3,224101.0,1245,1247.0,170
2020-05-24 20:13:46.378307,2,224281.0,1246,1248.0,360
2020-05-24 20:16:46.378307,3,224461.0,1247,1263.0,171
2020-05-24 20:19:46.378307,2,224641.0,1248,1251.0,361
2020-05-24 20:22:46.378307,14,224821.0,1249,1259.0,28
2020-05-24 20:25:46.378307,20,225001.0,1250,1295.0,25
2020-05-24 20:28:46.378307,2,225181.0,1251,1252.0,362
2020-05-24 20:31:46.378307,2,225361.0,1252,1253.0,363
2020-05-24 20:34:46.378307,2,225541.0,1253,1254.0,364
2020-05-24 20:37:46.378307,2,225721.0,1254,1261.0,365
2020-05-24 20:40:46.378307,1,225901.0,1255,1256.0,26
2020-05-24 20:43:46.378307,1,226081.0,1256,1320.0,27
2020-05-24 20:46:46.378307,6,226261.0,1257,1272.0,60
2020-05-24 20:49:46.378307,8,226441.0,1258,1418.0,42
2020-05-24 20:52:46.378307,14,226621.0,1259,1327.0,29
2020-05-24 20:55:46.378307,12,226801.0,1260,1279.0,31
2020-05-24 20:58:46.378307,2,226981.0,1261,1262.0,366
2020-05-24 21:01:46.378307,2,227161.0,1262,1268.0,367
2020-05-24 21:04:46.378307,3,227341.0,1263,1266.0,172
2020-05-24 21:07:46.378307,18,227521.0,1264,1373.0,30
2020-05-24 21:10:46.378307,5,227701.0,1265,1287.0,79
2020-05-24 21:13:46.378307,3,227881.0,1266,1267.0,173
2020-05-24 21:16:46.378307,3,228061.0,1267,1278.0,174
2020-05-24 21:19:46.378307,2,228241.0,1268,1269.0,368
2020-05-24 21:22:46.378307,2,228421.0,1269,1274.0,369
2020-05-24 21:25:46.378307,4,228601.0,1270,1271.0,97
2020-05-24 21:28:46.378307,4,228781.0,1271,1280.0,98
2020-05-24 21:31:46.378307,6,228961.0,1272,1277.0,61
2020-05-24 21:34:46.378307,7,229141.0,1273,1296.0,53
2020-05-24 21:37:46.378307,2,229321.0,1274,1283.0,370
2020-05-24 21:40:46.378307,9,229501.0,1275,1293.0,30
2020-05-24 21:43:46.378307,16,229681.0,1276,1426.0,27
2020-05-24 21:46:46.378307,6,229861.0,1277,1345.0,62
2020-05-24 21:49:46.378307,3,230041.0,1278,1291.0,175
2020-05-24 21:52:46.378307,12,230221.0,1279,1282.0,32
2020-05-24 21:55:46.378307,4,230401.0,1280,1299.0,99
2020-05-24 21:58:46.378307,10,230581.0,1281,1329.0,49
2020-05-24 22:01:46.378307,12,230761.0,1282,1333.0,33
2020-05-24 22:04:46.378307,2,230941.0,1283,1284.0,371
2020-05-24 22:07:46.378307,2,231121.0,1284,1285.0,372
2020-05-24 22:10:46.378307,2,231301.0,1285,1286.0,373
2020-05-24 22:13:46.378307,2,231481.0,1286,1288.0,374
2020-05-24 22:16:46.378307,5,231661.0,1287,1316.0,80
2020-05-24 22:19:46.378307,2,231841.0,1288,1290.0,375
2020-05-24 22:22:46.378307,15,232021.0,1289,1313.0,39
2020-05-24 22:25:46.378307,2,232201.0,1290,1297.0,376
2020-05-24 22:28:46.378307,3,232381.0,1291,1292.0,176
2020-05-24 22:31:46.378307,3,232561.0,1292,1300.0,177
2020-05-24 22:34:46.378307,9,232741.0,1293,1399.0,31
2020-05-24 22:37:46.378307,13,232921.0,1294,1309.0,30
2020-05-24 22:40:46.378307,20,233101.0,1295,1369.0,26
2020-05-24 22:43:46.378307,7,233281.0,1296,1308.0,54
2020-05-24 22:46:46.378307,2,233461.0,1297,1298.0,377
2020-05-24 22:49:46.378307,2,233641.0,1298,1302.0,378
2020-05-24 22:52:46.378307,4,233821.0,1299,1312.0,100
2020-05-24 22:55:46.378307,3,234001.0,1300,1330.0,178
2020-05-24 22:58:46.378307,11,234181.0,1301,1305.0,38
2020-05-24 23:01:46.378307,2,234361.0,1302,1303.0,379
2020-05-24 23:04:46.378307,2,234541.0,1303,1304.0,380
2020-05-24 23:07:46.378307,2,234721.0,1304,1307.0,381
2020-05-24 23:10:46.378307,11,234901.0,1305,1331.0,39
2020-05-24 23:13:46.378307,17,235081.0,1306,1314.0,26
2020-05-24 23:16:46.378307,2,235261.0,1307,1310.0,382
2020-05-24 23:19:46.378307,7,235441.0,1308,1353.0,55
2020-05-24 23:22:46.378307,13,235621.0,1309,1322.0,31
2020-05-24 23:25:46.378307,2,235801.0,1310,1311.0,383
2020-05-24 23:28:46.378307,2,235981.0,1311,1315.0,384
2020-05-24 23:31:46.378307,4,236161.0,1312,1325.0,101
2020-05-24 23:34:46.378307,15,236341.0,1313,1317.0,40
2020-05-24 23:37:46.378307,17,236521.0,1314,1436.0,27
2020-05-24 23:40:46.378307,2,236701.0,1315,1319.0,385
2020-05-24 23:43:46.378307,5,236881.0,1316,1318.0,81
2020-05-24 23:46:46.378307,15,237061.0,1317,1372.0,41
2020-05-24 23:49:46.378307,5,237241.0,1318,1339.0,82
2020-05-24 23:52:46.378307,2,237421.0,1319,1321.0,386
2020-05-24 23:55:46.378307,1,237601.0,1320,1328.0,28
2020-05-24 23:58:46.378307,2,237781.0,1321,1323.0,387
2020-05-25 00:01:46.378307,13,237961.0,1322,1363.0,32
2020-05-25 00:04:46.378307,2,238141.0,1323,1324.0,388
2020-05-25 00:07:46.378307,2,238321.0,1324,1326.0,389
2020-05-25 00:10:46.378307,4,238501.0,1325,1335.0,102
2020-05-25 00:13:46.378307,2,238681.0,1326,1332.0,390
2020-05-25 00:16:46.378307,14,238861.0,1327,1346.0,30
2020-05-25 00:19:46.378307,1,239041.0,1328,1364.0,29
2020-05-25 00:22:46.378307,10,239221.0,1329,1371.0,50
2020-05-25 00:25:46.378307,3,239401.0,1330,1334.0,179
2020-05-25 00:28:46.378307,11,239581.0,1331,1342.0,40
2020-05-25 00:31:46.378307,2,239761.0,1332,1336.0,391
2020-05-25 00:34:46.378307,12,239941.0,1333,1360.0,34
2020-05-25 00:37:46.378307,3,240121.0,1334,1354.0,180
2020-05-25 00:40:46.378307,4,240301.0,1335,1341.0,103
2020-05-25 00:43:46.378307,2,240481.0,1336,1337.0,392
2020-05-25 00:46:46.378307,2,240661.0,1337,1338.0,393
2020-05-25 00:49:46.378307,2,240841.0,1338,1340.0,394
2020-05-25 00:52:46.378307,5,241021.0,1339,1343.0,83
2020-05-25 00:55:46.378307,2,241201.0,1340,1344.0,395
2020-05-25 00:58:46.378307,4,241381.0,1341,1411.0,104
2020-05-25 01:01:46.378307,11,241561.0,1342,1349.0,41
2020-05-25 01:04:46.378307,5,241741.0,1343,1409.0,84
2020-05-25 01:07:46.378307,2,241921.0,1344,1347.0,396
2020-05-25 01:10:46.378307,6,242101.0,1345,1348.0,63
2020-05-25 01:13:46.378307,14,242281.0,1346,1431.0,31
2020-05-25 01:16:46.378307,2,242461.0,1347,1351.0,397
2020-05-25 01:19:46.378307,6,242641.0,1348,1350.0,64
2020-05-25 01:22:46.378307,11,242821.0,1349,1387.0,42
2020-05-25 01:25:46.378307,6,243001.0,1350,1357.0,65
2020-05-25 01:28:46.378307,2,243181.0,1351,1352.0,398
2020-05-25 01:31:46.378307,2,243361.0,1352,1356.0,399
2020-05-25 01:34:46.378307,7,243541.0,1353,1382.0,56
2020-05-25 01:37:46.378307,3,243721.0,1354,1355.0,181
2020-05-25 01:40:46.378307,3,243901.0,1355,1358.0,182
2020-05-25 01:43:46.378307,2,244081.0,1356,1359.0,400
2020-05-25 01:46:46.378307,6,244261.0,1357,1368.0,66
2020-05-25 01:49:46.378307,3,244441.0,1358,1365.0,183
2020-05-25 01:52:46.378307,2,244621.0,1359,1361.0,401
2020-05-25 01:55:46.378307,12,244801.0,1360,1408.0,35
2020-05-25 01:58:46.378307,2,244981.0,1361,1362.0,402
2020-05-25 02:01:46.378307,2,245161.0,1362,1366.0,403
2020-05-25 02:04:46.378307,13,245341.0,1363,1410.0,33
2020-05-25 02:07:46.378307,1,245521.0,1364,1386.0,30
2020-05-25 02:10:46.378307,3,245701.0,1365,1367.0,184
2020-05-25 02:13:46.378307,2,245881.0,1366,1370.0,404
2020-05-25 02:16:46.378307,3,246061.0,1367,1374.0,185
2020-05-25 02:19:46.378307,6,246241.0,1368,1376.0,67
2020-05-25 02:22:46.378307,20,246421.0,1369,1400.0,27
2020-05-25 02:25:46.378307,2,246601.0,1370,1378.0,405
2020-05-25 02:28:46.378307,10,246781.0,1371,1381.0,51
2020-05-25 02:31:46.378307,15,246961.0,1372,1389.0,42
2020-05-25 02:34:46.378307,18,247141.0,1373,1395.0,31
2020-05-25 02:37:46.378307,3,247321.0,1374,1375.0,186
2020-05-25 02:40:46.378307,3,247501.0,1375,1390.0,187
2020-05-25 02:43:46.378307,6,247681.0,1376,1380.0,68
2020-05-25 02:46:46.378307,19,247861.0,1377,1397.0,25
2020-05-25 02:49:46.378307,2,248041.0,1378,1379.0,406
2020-05-25 02:52:46.378307,2,248221.0,1379,1383.0,407
2020-05-25 02:55:46.378307,6,248401.0,1380,1385.0,69
2020-05-25 02:58:46.378307,10,248581.0,1381,1404.0,52
2020-05-25 03:01:46.378307,7,248761.0,1382,1388.0,57
2020-05-25 03:04:46.378307,2,248941.0,1383,1384.0,408
2020-05-25 03:07:46.378307,2,249121.0,1384,1394.0,409
2020-05-25 03:10:46.378307,6,249301.0,1385,1401.0,70
2020-05-25 03:13:46.378307,1,249481.0,1386,1491.0,31
2020-05-25 03:16:46.378307,11,249661.0,1387,1553.0,43
2020-05-25 03:19:46.378307,7,249841.0,1388,1392.0,58
2020-05-25 03:22:46.378307,15,250021.0,1389,1396.0,43
2020-05-25 03:25:46.378307,3,250201.0,1390,1391.0,188
2020-05-25 03:28:46.378307,3,250381.0,1391,1393.0,189
2020-05-25 03:31:46.378307,7,250561.0,1392,1398.0,59
2020-05-25 03:34:46.378307,3,250741.0,1393,1413.0,190
2020-05-25 03:37:46.378307,2,250921.0,1394,1402.0,410
2020-05-25 03:40:46.378307,18,251101.0,1395,1546.0,32
2020-05-25 03:43:46.378307,15,251281.0,1396,1438.0,44
2020-05-25 03:46:46.378307,19,251461.0,1397,1439.0,26
2020-05-25 03:49:46.378307,7,251641.0,1398,1419.0,60
2020-05-25 03:52:46.378307,9,251821.0,1399,1469.0,32
2020-05-25 03:55:46.378307,20,252001.0,1400,1479.0,28
2020-05-25 03:58:46.378307,6,252181.0,1401,1437.0,71
2020-05-25 04:01:46.378307,2,252361.0,1402,1403.0,411
2020-05-25 04:04:46.378307,2,252541.0,1403,1405.0,412
2020-05-25 04:07:46.378307,10,252721.0,1404,1430.0,53
2020-05-25 04:10:46.378307,2,252901.0,1405,1406.0,413
2020-05-25 04:13:46.378307,2,253081.0,1406,1407.0,414
2020-05-25 04:16:46.378307,2,253261.0,1407,1414.0,415
2020-05-25 04:19:46.378307,12,253441.0,1408,1432.0,36
2020-05-25 04:22:46.378307,5,253621.0,1409,1421.0,85
2020-05-25 04:25:46.378307,13,253801.0,1410,1471.0,34
2020-05-25 04:28:46.378307,4,253981.0,1411,1412.0,105
2020-05-25 04:31:46.378307,4,254161.0,1412,1415.0,106
2020-05-25 04:34:46.378307,3,254341.0,1413,1417.0,191
2020-05-25 04:37:46.378307,2,254521.0,1414,1416.0,416
2020-05-25 04:40:46.378307,4,254701.0,1415,1424.0,107
2020-05-25 04:43:46.378307,2,254881.0,1416,1422.0,417
2020-05-25 04:46:46.378307,3,255061.0,1417,1427.0,192
2020-05-25 04:49:46.378307,8,255241.0,1418,1429.0,43
2020-05-25 04:52:46.378307,7,255421.0,1419,1420.0,61
2020-05-25 04:55:46.378307,7,255601.0,1420,1425.0,62
2020-05-25 04:58:46.378307,5,255781.0,1421,1444.0,86
2020-05-25 05:01:46.378307,2,255961.0,1422,1423.0,418
2020-05-25 05:04:46.378307,2,256141.0,1423,1428.0,419
2020-05-25 05:07:46.378307,4,256321.0,1424,1433.0,108
2020-05-25 05:10:46.378307,7,256501.0,1425,1442.0,63
2020-05-25 05:13:46.378307,16,256681.0,1426,1454.0,28
2020-05-25 05:16:46.378307,3,256861.0,1427,1440.0,193
2020-05-25 05:19:46.378307,2,257041.0,1428,1435.0,420
2020-05-25 05:22:46.378307,8,257221.0,1429,1472.0,44
2020-05-25 05:25:46.378307,10,257401.0,1430,1450.0,54
2020-05-25 05:28:46.378307,14,257581.0,1431,1458.0,32
2020-05-25 05:31:46.378307,12,257761.0,1432,1457.0,37
2020-05-25 05:34:46.378307,4,257941.0,1433,1434.0,109
2020-05-25 05:37:46.378307,4,258121.0,1434,1447.0,110
2020-05-25 05:40:46.378307,2,258301.0,1435,1441.0,421
2020-05-25 05:43:46.378307,17,258481.0,1436,1525.0,28
2020-05-25 05:46:46.378307,6,258661.0,1437,1445.0,72
2020-05-25 05:49:46.378307,15,258841.0,1438,1498.0,45
2020-05-25 05:52:46.378307,19,259021.0,1439,1461.0,27
2020-05-25 05:55:46.378307,3,259201.0,1440,1449.0,194
2020-05-25 05:58:46.378307,2,259381.0,1441,1443.0,422
2020-05-25 06:01:46.378307,7,259561.0,1442,1514.0,64
2020-05-25 06:04:46.378307,2,259741.0,1443,1446.0,423
2020-05-25 06:07:46.378307,5,259921.0,1444,1448.0,87
2020-05-25 06:10:46.378307,6,260101.0,1445,1466.0,73
2020-05-25 06:13:46.378307,2,260281.0,1446,1453.0,424
2020-05-25 06:16:46.378307,4,260461.0,1447,1464.0,111
2020-05-25 06:19:46.378307,5,260641.0,1448,1452.0,88
2020-05-25 06:22:46.378307,3,260821.0,1449,1451.0,195
2020-05-25 06:25:46.378307,10,261001.0,1450,1499.0,55
2020-05-25 06:28:46.378307,3,261181.0,1451,1455.0,196
2020-05-25 06:31:46.378307,5,261361.0,1452,1474.0,89
2020-05-25 06:34:46.378307,2,261541.0,1453,1456.0,425
2020-05-25 06:37:46.378307,16,261721.0,1454,1487.0,29
2020-05-25 06:40:46.378307,3,261901.0,1455,1460.0,197
2020-05-25 06:43:46.378307,2,262081.0,1456,1459.0,426
2020-05-25 06:46:46.378307,12,262261.0,1457,1468.0,38
2020-05-25 06:49:46.378307,14,262441.0,1458,1550.0,33
2020-05-25 06:52:46.378307,2,262621.0,1459,1462.0,427
2020-05-25 06:55:46.378307,3,262801.0,1460,1480.0,198
2020-05-25 06:58:46.378307,19,262981.0,1461,1463.0,28
2020-05-25 07:01:46.378307,2,263161.0,1462,1465.0,428
2020-05-25 07:04:46.378307,19,263341.0,1463,1539.0,29
2020-05-25 07:07:46.378307,4,263521.0,1464,1486.0,112
2020-05-25 07:10:46.378307,2,263701.0,1465,1467.0,429
2020-05-25 07:13:46.378307,6,263881.0,1466,1484.0,74
2020-05-25 07:16:46.378307,2,264061.0,1467,1470.0,430
2020-05-25 07:19:46.378307,12,264241.0,1468,1476.0,39
2020-05-25 07:22:46.378307,9,264421.0,1469,1547.0,33
2020-05-25 07:25:46.378307,2,264601.0,1470,1473.0,431
2020-05-25 07:28:46.378307,13,264781.0,1471,1485.0,35
2020-05-25 07:31:46.378307,8,264961.0,1472,1506.0,45
2020-05-25 07:34:46.378307,2,265141.0,1473,1475.0,432
2020-05-25 07:37:46.378307,5,265321.0,1474,1489.0,90
2020-05-25 07:40:46.378307,2,265501.0,1475,1477.0,433
2020-05-25 07:43:46.378307,12,265681.0,1476,1582.0,40
2020-05-25 07:46:46.378307,2,265861.0,1477,1478.0,434
2020-05-25 07:49:46.378307,2,266041.0,1478,1482.0,435
2020-05-25 07:52:46.378307,20,266221.0,1479,1535.0,29
2020-05-25 07:55:46.378307,3,266401.0,1480,1481.0,199
2020-05-25 07:58:46.378307,3,266581.0,1481,1483.0,200
2020-05-25 08:01:46.378307,2,266761.0,1482,1490.0,436
2020-05-25 08:04:46.378307,3,266941.0,1483,1492.0,201
2020-05-25 08:07:46.378307,6,267121.0,1484,1574.0,75
2020-05-25 08:10:46.378307,13,267301.0,1485,1488.0,36
2020-05-25 08:13:46.378307,4,267481.0,1486,1493.0,113
2020-05-25 08:16:46.378307,16,267661.0,1487,1517.0,30
2020-05-25 08:19:46.378307,13,267841.0,1488,1621.0,37
2020-05-25 08:22:46.378307,5,268021.0,1489,1513.0,91
2020-05-25 08:25:46.378307,2,268201.0,1490,1494.0,437
2020-05-25 08:28:46.378307,1,268381.0,1491,1601.0,32
2020-05-25 08:31:46.378307,3,268561.0,1492,1495.0,202
2020-05-25 08:34:46.378307,4,268741.0,1493,1504.0,114
2020-05-25 08:37:46.378307,2,268921.0,1494,1497.0,438
2020-05-25 08:40:46.378307,3,269101.0,1495,1496.0,203
2020-05-25 08:43:46.378307,3,269281.0,1496,1501.0,204
2020-05-25 08:46:46.378307,2,269461.0,1497,1500.0,439
2020-05-25 08:49:46.378307,15,269641.0,1498,1532.0,46
2020-05-25 08:52:46.378307,10,269821.0,1499,1516.0,56
2020-05-25 08:55:46.378307,2,270001.0,1500,1502.0,440
2020-05-25 08:58:46.378307,3,270181.0,1501,1505.0,205
2020-05-25 09:01:46.378307,2,270361.0,1502,1503.0,441
2020-05-25 09:04:46.378307,2,270541.0,1503,1507.0,442
2020-05-25 09:07:46.378307,4,270721.0,1504,1508.0,115
2020-05-25 09:10:46.378307,3,270901.0,1505,1509.0,206
2020-05-25 09:13:46.378307,8,271081.0,1506,1511.0,46
2020-05-25 09:16:46.378307,2,271261.0,1507,1518.0,443
2020-05-25 09:19:46.378307,4,271441.0,1508,1512.0,116
2020-05-25 09:22:46.378307,3,271621.0,1509,1510.0,207
2020-05-25 09:25:46.378307,3,271801.0,1510,1521.0,208
2020-05-25 09:28:46.378307,8,271981.0,1511,1519.0,47
2020-05-25 09:31:46.378307,4,272161.0,1512,1515.0,117
2020-05-25 09:34:46.378307,5,272341.0,1513,1522.0,92
2020-05-25 09:37:46.378307,7,272521.0,1514,1520.0,65
2020-05-25 09:40:46.378307,4,272701.0,1515,1530.0,118
2020-05-25 09:43:46.378307,10,272881.0,1516,1545.0,57
2020-05-25 09:46:46.378307,16,273061.0,1517,1555.0,31
2020-05-25 09:49:46.378307,2,273241.0,1518,1523.0,444
2020-05-25 09:52:46.378307,8,273421.0,1519,1527.0,48
2020-05-25 09:55:46.378307,7,273601.0,1520,1543.0,66
2020-05-25 09:58:46.378307,3,273781.0,1521,1528.0,209
2020-05-25 10:01:46.378307,5,273961.0,1522,1531.0,93
2020-05-25 10:04:46.378307,2,274141.0,1523,1524.0,445
2020-05-25 10:07:46.378307,2,274321.0,1524,1526.0,446
2020-05-25 10:10:46.378307,17,274501.0,1525,1529.0,29
2020-05-25 10:13:46.378307,2,274681.0,1526,1537.0,447
2020-05-25 10:16:46.378307,8,274861.0,1527,1542.0,49
2020-05-25 10:19:46.378307,3,275041.0,1528,1533.0,210
2020-05-25 10:22:46.378307,17,275221.0,1529,1534.0,30
2020-05-25 10:25:46.378307,4,275401.0,1530,1541.0,119
2020-05-25 10:28:46.378307,5,275581.0,1531,1536.0,94
2020-05-25 10:31:46.378307,15,275761.0,1532,1614.0,47
2020-05-25 10:34:46.378307,3,275941.0,1533,1548.0,211
2020-05-25 10:37:46.378307,17,276121.0,1534,1554.0,31
2020-05-25 10:40:46.378307,20,276301.0,1535,1600.0,30
2020-05-25 10:43:46.378307,5,276481.0,1536,1544.0,95
2020-05-25 10:46:46.378307,2,276661.0,1537,1538.0,448
2020-05-25 10:49:46.378307,2,276841.0,1538,1540.0,449
2020-05-25 10:52:46.378307,19,277021.0,1539,1559.0,30
2020-05-25 10:55:46.378307,2,277201.0,1540,1551.0,450
2020-05-25 10:58:46.378307,4,277381.0,1541,1560.0,120
2020-05-25 11:01:46.378307,8,277561.0,1542,1569.0,50
2020-05-25 11:04:46.378307,7,277741.0,1543,1566.0,67
2020-05-25 11:07:46.378307,5,277921.0,1544,1565.0,96
2020-05-25 11:10:46.378307,10,278101.0,1545,1549.0,58
2020-05-25 11:13:46.378307,18,278281.0,1546,1564.0,33
2020-05-25 11:16:46.378307,9,278461.0,1547,1592.0,34
2020-05-25 11:19:46.378307,3,278641.0,1548,1552.0,212
2020-05-25 11:22:46.378307,10,278821.0,1549,1573.0,59
2020-05-25 11:25:46.378307,14,279001.0,1550,1556.0,34
2020-05-25 11:28:46.378307,2,279181.0,1551,1557.0,451
2020-05-25 11:31:46.378307,3,279361.0,1552,1579.0,213
2020-05-25 11:34:46.378307,11,279541.0,1553,1563.0,44
2020-05-25 11:37:46.378307,17,279721.0,1554,1645.0,32
2020-05-25 11:40:46.378307,16,279901.0,1555,1561.0,32
2020-05-25 11:43:46.378307,14,280081.0,1556,1635.0,35
2020-05-25 11:46:46.378307,2,280261.0,1557,1558.0,452
2020-05-25 11:49:46.378307,2,280441.0,1558,1562.0,453
2020-05-25 11:52:46.378307,19,280621.0,1559,1575.0,31
2020-05-25 11:55:46.378307,4,280801.0,1560,1570.0,121
2020-05-25 11:58:46.378307,16,280981.0,1561,1608.0,33
2020-05-25 12:01:46.378307,2,281161.0,1562,1567.0,454
2020-05-25 12:04:46.378307,11,281341.0,1563,1578.0,45
2020-05-25 12:07:46.378307,18,281521.0,1564,1613.0,34
2020-05-25 12:10:46.378307,5,281701.0,1565,1588.0,97
2020-05-25 12:13:46.378307,7,281881.0,1566,1701.0,68
2020-05-25 12:16:46.378307,2,282061.0,1567,1568.0,455
2020-05-25 12:19:46.378307,2,282241.0,1568,1571.0,456
2020-05-25 12:22:46.378307,8,282421.0,1569,1587.0,51
2020-05-25 12:25:46.378307,4,282601.0,1570,1572.0,122
2020-05-25 12:28:46.378307,2,282781.0,1571,1576.0,457
2020-05-25 12:31:46.378307,4,282961.0,1572,1577.0,123
2020-05-25 12:34:46.378307,10,283141.0,1573,1602.0,60
2020-05-25 12:37:46.378307,6,283321.0,1574,1599.0,76
2020-05-25 12:40:46.378307,19,283501.0,1575,1729.0,32
2020-05-25 12:43:46.378307,2,283681.0,1576,1580.0,458
2020-05-25 12:46:46.378307,4,283861.0,1577,1607.0,124
2020-05-25 12:49:46.378307,11,284041.0,1578,1583.0,46
2020-05-25 12:52:46.378307,3,284221.0,1579,1585.0,214
2020-05-25 12:55:46.378307,2,284401.0,1580,1581.0,459
2020-05-25 12:58:46.378307,2,284581.0,1581,1584.0,460
2020-05-25 13:01:46.378307,12,284761.0,1582,1623.0,41
2020-05-25 13:04:46.378307,11,284941.0,1583,1591.0,47
2020-05-25 13:07:46.378307,2,285121.0,1584,1589.0,461
2020-05-25 13:10:46.378307,3,285301.0,1585,1586.0,215
2020-05-25 13:13:46.378307,3,285481.0,1586,1595.0,216
2020-05-25 13:16:46.378307,8,285661.0,1587,1630.0,52
2020-05-25 13:19:46.378307,5,285841.0,1588,1606.0,98
2020-05-25 13:22:46.378307,2,286021.0,1589,1590.0,462
2020-05-25 13:25:46.378307,2,286201.0,1590,1593.0,463
2020-05-25 13:28:46.378307,11,286381.0,1591,1612.0,48
2020-05-25 13:31:46.378307,9,286561.0,1592,1633.0,35
2020-05-25 13:34:46.378307,2,286741.0,1593,1594.0,464
2020-05-25 13:37:46.378307,2,286921.0,1594,1597.0,465
2020-05-25 13:40:46.378307,3,287101.0,1595,1596.0,217
2020-05-25 13:43:46.378307,3,287281.0,1596,1598.0,218
2020-05-25 13:46:46.378307,2,287461.0,1597,1603.0,466
2020-05-25 13:49:46.378307,3,287641.0,1598,1622.0,219
2020-05-25 13:52:46.378307,6,287821.0,1599,1628.0,77
2020-05-25 13:55:46.378307,20,288001.0,1600,1626.0,31
2020-05-25 13:58:46.378307,1,288181.0,1601,1660.0,33
2020-05-25 14:01:46.378307,10,288361.0,1602,1741.0,61
2020-05-25 14:04:46.378307,2,288541.0,1603,1604.0,467
2020-05-25 14:07:46.378307,2,288721.0,1604,1605.0,468
2020-05-25 14:10:46.378307,2,288901.0,1605,1609.0,469
2020-05-25 14:13:46.378307,5,289081.0,1606,1661.0,99
2020-05-25 14:16:46.378307,4,289261.0,1607,1616.0,125
2020-05-25 14:19:46.378307,16,289441.0,1608,1619.0,34
2020-05-25 14:22:46.378307,2,289621.0,1609,1610.0,470
2020-05-25 14:25:46.378307,2,289801.0,1610,1611.0,471
2020-05-25 14:28:46.378307,2,289981.0,1611,1615.0,472
2020-05-25 14:31:46.378307,11,290161.0,1612,1689.0,49
2020-05-25 14:34:46.378307,18,290341.0,1613,1703.0,35
2020-05-25 14:37:46.378307,15,290521.0,1614,1617.0,48
2020-05-25 14:40:46.378307,2,290701.0,1615,1618.0,473
2020-05-25 14:43:46.378307,4,290881.0,1616,1625.0,126
2020-05-25 14:46:46.378307,15,291061.0,1617,1629.0,49
2020-05-25 14:49:46.378307,2,291241.0,1618,1620.0,474
2020-05-25 14:52:46.378307,16,291421.0,1619,1648.0,35
2020-05-25 14:55:46.378307,2,291601.0,1620,1627.0,475
2020-05-25 14:58:46.378307,13,291781.0,1621,1643.0,38
2020-05-25 15:01:46.378307,3,291961.0,1622,1624.0,220
2020-05-25 15:04:46.378307,12,292141.0,1623,1651.0,42
2020-05-25 15:07:46.378307,3,292321.0,1624,1634.0,221
2020-05-25 15:10:46.378307,4,292501.0,1625,1632.0,127
2020-05-25 15:13:46.378307,20,292681.0,1626,1715.0,32
2020-05-25 15:16:46.378307,2,292861.0,1627,1631.0,476
2020-05-25 15:19:46.378307,6,293041.0,1628,1646.0,78
2020-05-25 15:22:46.378307,15,293221.0,1629,1688.0,50
2020-05-25 15:25:46.378307,8,293401.0,1630,1641.0,53
2020-05-25 15:28:46.378307,2,293581.0,1631,1636.0,477
2020-05-25 15:31:46.378307,4,293761.0,1632,1640.0,128
2020-05-25 15:34:46.378307,9,293941.0,1633,1698.0,36
2020-05-25 15:37:46.378307,3,294121.0,1634,1637.0,222
2020-05-25 15:40:46.378307,14,294301.0,1635,1644.0,36
2020-05-25 15:43:46.378307,2,294481.0,1636,1642.0,478
2020-05-25 15:46:46.378307,3,294661.0,1637,1638.0,223
2020-05-25 15:49:46.378307,3,294841.0,1638,1639.0,224
2020-05-25 15:52:46.378307,3,295021.0,1639,1652.0,225
2020-05-25 15:55:46.378307,4,295201.0,1640,1647.0,129
2020-05-25 15:58:46.378307,8,295381.0,1641,1674.0,54
2020-05-25 16:01:46.378307,2,295561.0,1642,1649.0,479
2020-05-25 16:04:46.378307,13,295741.0,1643,1655.0,39
2020-05-25 16:07:46.378307,14,295921.0,1644,1667.0,37
2020-05-25 16:10:46.378307,17,296101.0,1645,1656.0,33
2020-05-25 16:13:46.378307,6,296281.0,1646,1653.0,79
2020-05-25 16:16:46.378307,4,296461.0,1647,1662.0,130
2020-05-25 16:19:46.378307,16,296641.0,1648,1684.0,36
2020-05-25 16:22:46.378307,2,296821.0,1649,1650.0,480
2020-05-25 16:25:46.378307,2,297001.0,1650,1657.0,481
2020-05-25 16:28:46.378307,12,297181.0,1651,1654.0,43
2020-05-25 16:31:46.378307,3,297361.0,1652,1663.0,226
2020-05-25 16:34:46.378307,6,297541.0,1653,1702.0,80
2020-05-25 16:37:46.378307,12,297721.0,1654,1691.0,44
2020-05-25 16:40:46.378307,13,297901.0,1655,1683.0,40
2020-05-25 16:43:46.378307,17,298081.0,1656,1758.0,34
2020-05-25 16:46:46.378307,2,298261.0,1657,1658.0,482
2020-05-25 16:49:46.378307,2,298441.0,1658,1659.0,483
2020-05-25 16:52:46.378307,2,298621.0,1659,1668.0,484
2020-05-25 16:55:46.378307,1,298801.0,1660,1760.0,34
2020-05-25 16:58:46.378307,5,298981.0,1661,1665.0,100
2020-05-25 17:01:46.378307,4,299161.0,1662,1664.0,131
2020-05-25 17:04:46.378307,3,299341.0,1663,1666.0,227
2020-05-25 17:07:46.378307,4,299521.0,1664,1671.0,132
2020-05-25 17:10:46.378307,5,299701.0,1665,1682.0,101
2020-05-25 17:13:46.378307,3,299881.0,1666,1673.0,228
2020-05-25 17:16:46.378307,14,300061.0,1667,1690.0,38
2020-05-25 17:19:46.378307,2,300241.0,1668,1669.0,485
2020-05-25 17:22:46.378307,2,300421.0,1669,1670.0,486
2020-05-25 17:25:46.378307,2,300601.0,1670,1672.0,487
2020-05-25 17:28:46.378307,4,300781.0,1671,1676.0,133
2020-05-25 17:31:46.378307,2,300961.0,1672,1678.0,488
2020-05-25 17:34:46.378307,3,301141.0,1673,1675.0,229
2020-05-25 17:37:46.378307,8,301321.0,1674,1677.0,55
2020-05-25 17:40:46.378307,3,301501.0,1675,1695.0,230
2020-05-25 17:43:46.378307,4,301681.0,1676,1679.0,134
2020-05-25 17:46:46.378307,8,301861.0,1677,1699.0,56
2020-05-25 17:49:46.378307,2,302041.0,1678,1680.0,489
2020-05-25 17:52:46.378307,4,302221.0,1679,1681.0,135
2020-05-25 17:55:46.378307,2,302401.0,1680,1692.0,490
2020-05-25 17:58:46.378307,4,302581.0,1681,1686.0,136
2020-05-25 18:01:46.378307,5,302761.0,1682,1685.0,102
2020-05-25 18:04:46.378307,13,302941.0,1683,1767.0,41
2020-05-25 18:07:46.378307,16,303121.0,1684,1764.0,37
2020-05-25 18:10:46.378307,5,303301.0,1685,1687.0,103
2020-05-25 18:13:46.378307,4,303481.0,1686,1707.0,137
2020-05-25 18:16:46.378307,5,303661.0,1687,1700.0,104
2020-05-25 18:19:46.378307,15,303841.0,1688,1697.0,51
2020-05-25 18:22:46.378307,11,304021.0,1689,1708.0,50
2020-05-25 18:25:46.378307,14,304201.0,1690,1694.0,39
2020-05-25 18:28:46.378307,12,304381.0,1691,1781.0,45
2020-05-25 18:31:46.378307,2,304561.0,1692,1693.0,491
2020-05-25 18:34:46.378307,2,304741.0,1693,1704.0,492
2020-05-25 18:37:46.378307,14,304921.0,1694,1736.0,40
2020-05-25 18:40:46.378307,3,305101.0,1695,1696.0,231
2020-05-25 18:43:46.378307,3,305281.0,1696,1730.0,232
2020-05-25 18:46:46.378307,15,305461.0,1697,1705.0,52
2020-05-25 18:49:46.378307,9,305641.0,1698,1753.0,37
2020-05-25 18:52:46.378307,8,305821.0,1699,1722.0,57
2020-05-25 18:55:46.378307,5,306001.0,1700,1714.0,105
2020-05-25 18:58:46.378307,7,306181.0,1701,1710.0,69
2020-05-25 19:01:46.378307,6,306361.0,1702,1724.0,81
2020-05-25 19:04:46.378307,18,306541.0,1703,1733.0,36
2020-05-25 19:07:46.378307,2,306721.0,1704,1706.0,493
2020-05-25 19:10:46.378307,15,306901.0,1705,1765.0,53
2020-05-25 19:13:46.378307,2,307081.0,1706,1709.0,494
2020-05-25 19:16:46.378307,4,307261.0,1707,1712.0,138
2020-05-25 19:19:46.378307,11,307441.0,1708,1750.0,51
2020-05-25 19:22:46.378307,2,307621.0,1709,1711.0,495
2020-05-25 19:25:46.378307,7,307801.0,1710,1751.0,70
2020-05-25 19:28:46.378307,2,307981.0,1711,1713.0,496
2020-05-25 19:31:46.378307,4,308161.0,1712,1716.0,139
2020-05-25 19:34:46.378307,2,308341.0,1713,1717.0,497
2020-05-25 19:37:46.378307,5,308521.0,1714,1743.0,106
2020-05-25 19:40:46.378307,20,308701.0,1715,1748.0,33
2020-05-25 19:43:46.378307,4,308881.0,1716,1718.0,140
2020-05-25 19:46:46.378307,2,309061.0,1717,1719.0,498
2020-05-25 19:49:46.378307,4,309241.0,1718,1725.0,141
2020-05-25 19:52:46.378307,2,309421.0,1719,1720.0,499
2020-05-25 19:55:46.378307,2,309601.0,1720,1721.0,500
2020-05-25 19:58:46.378307,2,309781.0,1721,1723.0,501
2020-05-25 20:01:46.378307,8,309961.0,1722,1726.0,58
2020-05-25 20:04:46.378307,2,310141.0,1723,1728.0,502
2020-05-25 20:07:46.378307,6,310321.0,1724,1749.0,82
2020-05-25 20:10:46.378307,4,310501.0,1725,1746.0,142
2020-05-25 20:13:46.378307,8,310681.0,1726,1727.0,59
2020-05-25 20:16:46.378307,8,310861.0,1727,1735.0,60
2020-05-25 20:19:46.378307,2,311041.0,1728,1731.0,503
2020-05-25 20:22:46.378307,19,311221.0,1729,1794.0,33
2020-05-25 20:25:46.378307,3,311401.0,1730,1732.0,233
2020-05-25 20:28:46.378307,2,311581.0,1731,1737.0,504
2020-05-25 20:31:46.378307,3,311761.0,1732,1734.0,234
2020-05-25 20:34:46.378307,18,311941.0,1733,1809.0,37
2020-05-25 20:37:46.378307,3,312121.0,1734,1761.0,235
2020-05-25 20:40:46.378307,8,312301.0,1735,1740.0,61
2020-05-25 20:43:46.378307,14,312481.0,1736,1747.0,41
2020-05-25 20:46:46.378307,2,312661.0,1737,1738.0,505
2020-05-25 20:49:46.378307,2,312841.0,1738,1739.0,506
2020-05-25 20:52:46.378307,2,313021.0,1739,1742.0,507
2020-05-25 20:55:46.378307,8,313201.0,1740,1773.0,62
2020-05-25 20:58:46.378307,10,313381.0,1741,1763.0,62
2020-05-25 21:01:46.378307,2,313561.0,1742,1744.0,508
2020-05-25 21:04:46.378307,5,313741.0,1743,1756.0,107
2020-05-25 21:07:46.378307,2,313921.0,1744,1745.0,509
2020-05-25 21:10:46.378307,2,314101.0,1745,1754.0,510
2020-05-25 21:13:46.378307,4,314281.0,1746,1752.0,143
2020-05-25 21:16:46.378307,14,314461.0,1747,1879.0,42
2020-05-25 21:19:46.378307,20,314641.0,1748,1774.0,34
2020-05-25 21:22:46.378307,6,314821.0,1749,1759.0,83
2020-05-25 21:25:46.378307,11,315001.0,1750,1791.0,52
2020-05-25 21:28:46.378307,7,315181.0,1751,1755.0,71
2020-05-25 21:31:46.378307,4,315361.0,1752,1811.0,144
2020-05-25 21:34:46.378307,9,315541.0,1753,1844.0,38
2020-05-25 21:37:46.378307,2,315721.0,1754,1757.0,511
2020-05-25 21:40:46.378307,7,315901.0,1755,1785.0,72
2020-05-25 21:43:46.378307,5,316081.0,1756,1769.0,108
2020-05-25 21:46:46.378307,2,316261.0,1757,1766.0,512
2020-05-25 21:49:46.378307,17,316441.0,1758,1770.0,35
2020-05-25 21:52:46.378307,6,316621.0,1759,1790.0,84
2020-05-25 21:55:46.378307,1,316801.0,1760,1783.0,35
2020-05-25 21:58:46.378307,3,316981.0,1761,1762.0,236
2020-05-25 22:01:46.378307,3,317161.0,1762,1768.0,237
2020-05-25 22:04:46.378307,10,317341.0,1763,1777.0,63
2020-05-25 22:07:46.378307,16,317521.0,1764,1779.0,38
2020-05-25 22:10:46.378307,15,317701.0,1765,1780.0,54
2020-05-25 22:13:46.378307,2,317881.0,1766,1771.0,513
2020-05-25 22:16:46.378307,13,318061.0,1767,1838.0,42
2020-05-25 22:19:46.378307,3,318241.0,1768,1776.0,238
2020-05-25 22:22:46.378307,5,318421.0,1769,1814.0,109
2020-05-25 22:25:46.378307,17,318601.0,1770,1787.0,36
2020-05-25 22:28:46.378307,2,318781.0,1771,1772.0,514
2020-05-25 22:31:46.378307,2,318961.0,1772,1775.0,515
2020-05-25 22:34:46.378307,8,319141.0,1773,1778.0,63
2020-05-25 22:37:46.378307,20,319321.0,1774,1797.0,35
2020-05-25 22:40:46.378307,2,319501.0,1775,1782.0,516
2020-05-25 22:43:46.378307,3,319681.0,1776,1784.0,239
2020-05-25 22:46:46.378307,10,319861.0,1777,1815.0,64
2020-05-25 22:49:46.378307,8,320041.0,1778,1819.0,64
2020-05-25 22:52:46.378307,16,320221.0,1779,1820.0,39
2020-05-25 22:55:46.378307,15,320401.0,1780,1788.0,55
2020-05-25 22:58:46.378307,12,320581.0,1781,1805.0,46
2020-05-25 23:01:46.378307,2,320761.0,1782,1786.0,517
2020-05-25 23:04:46.378307,1,320941.0,1783,1832.0,36
2020-05-25 23:07:46.378307,3,321121.0,1784,1796.0,240
2020-05-25 23:10:46.378307,7,321301.0,1785,1789.0,73
2020-05-25 23:13:46.378307,2,321481.0,1786,1792.0,518
2020-05-25 23:16:46.378307,17,321661.0,1787,1971.0,37
2020-05-25 23:19:46.378307,15,321841.0,1788,1840.0,56
2020-05-25 23:22:46.378307,7,322021.0,1789,1800.0,74
2020-05-25 23:25:46.378307,6,322201.0,1790,1813.0,85
2020-05-25 23:28:46.378307,11,322381.0,1791,1830.0,53
2020-05-25 23:31:46.378307,2,322561.0,1792,1793.0,519
2020-05-25 23:34:46.378307,2,322741.0,1793,1795.0,520
2020-05-25 23:37:46.378307,19,322921.0,1794,1856.0,34
2020-05-25 23:40:46.378307,2,323101.0,1795,1798.0,521
2020-05-25 23:43:46.378307,3,323281.0,1796,1801.0,241
2020-05-25 23:46:46.378307,20,323461.0,1797,1828.0,36
2020-05-25 23:49:46.378307,2,323641.0,1798,1799.0,522
2020-05-25 23:52:46.378307,2,323821.0,1799,1803.0,523
2020-05-25 23:55:46.378307,7,324001.0,1800,1860.0,75
2020-05-25 23:58:46.378307,3,324181.0,1801,1802.0,242
2020-05-26 00:01:46.378307,3,324361.0,1802,1807.0,243
2020-05-26 00:04:46.378307,2,324541.0,1803,1804.0,524
2020-05-26 00:07:46.378307,2,324721.0,1804,1806.0,525
2020-05-26 00:10:46.378307,12,324901.0,1805,1837.0,47
2020-05-26 00:13:46.378307,2,325081.0,1806,1808.0,526
2020-05-26 00:16:46.378307,3,325261.0,1807,1816.0,244
2020-05-26 00:19:46.378307,2,325441.0,1808,1810.0,527
2020-05-26 00:22:46.378307,18,325621.0,1809,1869.0,38
2020-05-26 00:25:46.378307,2,325801.0,1810,1812.0,528
2020-05-26 00:28:46.378307,4,325981.0,1811,1821.0,145
2020-05-26 00:31:46.378307,2,326161.0,1812,1818.0,529
2020-05-26 00:34:46.378307,6,326341.0,1813,1835.0,86
2020-05-26 00:37:46.378307,5,326521.0,1814,1817.0,110
2020-05-26 00:40:46.378307,10,326701.0,1815,1852.0,65
2020-05-26 00:43:46.378307,3,326881.0,1816,1829.0,245
2020-05-26 00:46:46.378307,5,327061.0,1817,1831.0,111
2020-05-26 00:49:46.378307,2,327241.0,1818,1823.0,530
2020-05-26 00:52:46.378307,8,327421.0,1819,1822.0,65
2020-05-26 00:55:46.378307,16,327601.0,1820,1859.0,40
2020-05-26 00:58:46.378307,4,327781.0,1821,1827.0,146
2020-05-26 01:01:46.378307,8,327961.0,1822,1825.0,66
2020-05-26 01:04:46.378307,2,328141.0,1823,1824.0,531
2020-05-26 01:07:46.378307,2,328321.0,1824,1833.0,532
2020-05-26 01:10:46.378307,8,328501.0,1825,1826.0,67
2020-05-26 01:13:46.378307,8,328681.0,1826,1893.0,68
2020-05-26 01:16:46.378307,4,328861.0,1827,1841.0,147
2020-05-26 01:19:46.378307,20,329041.0,1828,1905.0,37
2020-05-26 01:22:46.378307,3,329221.0,1829,1842.0,246
2020-05-26 01:25:46.378307,11,329401.0,1830,1843.0,54
2020-05-26 01:28:46.378307,5,329581.0,1831,1839.0,112
2020-05-26 01:31:46.378307,1,329761.0,1832,1836.0,37
2020-05-26 01:34:46.378307,2,329941.0,1833,1834.0,533
2020-05-26 01:37:46.378307,2,330121.0,1834,1845.0,534
2020-05-26 01:40:46.378307,6,330301.0,1835,1849.0,87
2020-05-26 01:43:46.378307,1,330481.0,1836,1890.0,38
2020-05-26 01:46:46.378307,12,330661.0,1837,1904.0,48
2020-05-26 01:49:46.378307,13,330841.0,1838,1896.0,43
2020-05-26 01:52:46.378307,5,331021.0,1839,1848.0,113
2020-05-26 01:55:46.378307,15,331201.0,1840,1861.0,57
2020-05-26 01:58:46.378307,4,331381.0,1841,1853.0,148
2020-05-26 02:01:46.378307,3,331561.0,1842,1863.0,247
2020-05-26 02:04:46.378307,11,331741.0,1843,1915.0,55
2020-05-26 02:07:46.378307,9,331921.0,1844,1854.0,39
2020-05-26 02:10:46.378307,2,332101.0,1845,1846.0,535
2020-05-26 02:13:46.378307,2,332281.0,1846,1847.0,536
2020-05-26 02:16:46.378307,2,332461.0,1847,1850.0,537
2020-05-26 02:19:46.378307,5,332641.0,1848,1886.0,114
2020-05-26 02:22:46.378307,6,332821.0,1849,1857.0,88
2020-05-26 02:25:46.378307,2,333001.0,1850,1851.0,538
2020-05-26 02:28:46.378307,2,333181.0,1851,1855.0,539
2020-05-26 02:31:46.378307,10,333361.0,1852,1858.0,66
2020-05-26 02:34:46.378307,4,333541.0,1853,1875.0,149
2020-05-26 02:37:46.378307,9,333721.0,1854,1902.0,40
2020-05-26 02:40:46.378307,2,333901.0,1855,1868.0,540
2020-05-26 02:43:46.378307,19,334081.0,1856,1941.0,35
2020-05-26 02:46:46.378307,6,334261.0,1857,1862.0,89
2020-05-26 02:49:46.378307,10,334441.0,1858,1895.0,67
2020-05-26 02:52:46.378307,16,334621.0,1859,1866.0,41
2020-05-26 02:55:46.378307,7,334801.0,1860,1912.0,76
2020-05-26 02:58:46.378307,15,334981.0,1861,1897.0,58
2020-05-26 03:01:46.378307,6,335161.0,1862,1867.0,90
2020-05-26 03:04:46.378307,3,335341.0,1863,1864.0,248
2020-05-26 03:07:46.378307,3,335521.0,1864,1865.0,249
2020-05-26 03:10:46.378307,3,335701.0,1865,1877.0,250
2020-05-26 03:13:46.378307,16,335881.0,1866,1870.0,42
2020-05-26 03:16:46.378307,6,336061.0,1867,1874.0,91
2020-05-26 03:19:46.378307,2,336241.0,1868,1871.0,541
2020-05-26 03:22:46.378307,18,336421.0,1869,1932.0,39
2020-05-26 03:25:46.378307,16,336601.0,1870,1873.0,43
2020-05-26 03:28:46.378307,2,336781.0,1871,1872.0,542
2020-05-26 03:31:46.378307,2,336961.0,1872,1876.0,543
2020-05-26 03:34:46.378307,16,337141.0,1873,1922.0,44
2020-05-26 03:37:46.378307,6,337321.0,1874,1907.0,92
2020-05-26 03:40:46.378307,4,337501.0,1875,1921.0,150
2020-05-26 03:43:46.378307,2,337681.0,1876,1878.0,544
2020-05-26 03:46:46.378307,3,337861.0,1877,1887.0,251
2020-05-26 03:49:46.378307,2,338041.0,1878,1880.0,545
2020-05-26 03:52:46.378307,14,338221.0,1879,1892.0,43
2020-05-26 03:55:46.378307,2,338401.0,1880,1881.0,546
2020-05-26 03:58:46.378307,2,338581.0,1881,1882.0,547
2020-05-26 04:01:46.378307,2,338761.0,1882,1883.0,548
2020-05-26 04:04:46.378307,2,338941.0,1883,1884.0,549
2020-05-26 04:07:46.378307,2,339121.0,1884,1885.0,550
2020-05-26 04:10:46.378307,2,339301.0,1885,1889.0,551
2020-05-26 04:13:46.378307,5,339481.0,1886,1888.0,115
2020-05-26 04:16:46.378307,3,339661.0,1887,1906.0,252
2020-05-26 04:19:46.378307,5,339841.0,1888,1900.0,116
2020-05-26 04:22:46.378307,2,340021.0,1889,1891.0,552
2020-05-26 04:25:46.378307,1,340201.0,1890,1894.0,39
2020-05-26 04:28:46.378307,2,340381.0,1891,1899.0,553
2020-05-26 04:31:46.378307,14,340561.0,1892,1909.0,44
2020-05-26 04:34:46.378307,8,340741.0,1893,1927.0,69
2020-05-26 04:37:46.378307,1,340921.0,1894,1983.0,40
2020-05-26 04:40:46.378307,10,341101.0,1895,1898.0,68
2020-05-26 04:43:46.378307,13,341281.0,1896,1911.0,44
2020-05-26 04:46:46.378307,15,341461.0,1897,1923.0,59
2020-05-26 04:49:46.378307,10,341641.0,1898,1903.0,69
2020-05-26 04:52:46.378307,2,341821.0,1899,1901.0,554
2020-05-26 04:55:46.378307,5,342001.0,1900,1925.0,117
2020-05-26 04:58:46.378307,2,342181.0,1901,1910.0,555
